Date,Open,High,Low,Close,Adj Close,Volume
2015-12-14,1.097400,1.102000,1.094500,1.102000,1.102000,14125
2015-12-15,1.102500,1.108800,1.093300,1.094600,1.094600,14611
2015-12-16,1.095500,1.104000,1.091500,1.100800,1.100800,17744
2015-12-17,1.092400,1.092400,1.082900,1.083000,1.083000,18721
2015-12-18,1.085700,1.090000,1.083000,1.089100,1.089100,16859
2015-12-20,null,null,null,null,null,null
2015-12-21,1.089100,1.096600,1.087400,1.095200,1.095200,16714
2015-12-22,1.093900,1.101100,1.092800,1.097900,1.097900,14138
2015-12-23,1.098100,1.098100,1.089400,1.093600,1.093600,13391
2015-12-24,1.093000,1.099200,1.092800,1.097600,1.097600,6838
2015-12-27,null,null,null,null,null,null
2015-12-28,1.098700,1.101500,1.097800,1.099900,1.099900,9195
2015-12-29,1.099400,1.101500,1.092100,1.096100,1.096100,12380
2015-12-30,1.094300,1.096200,1.092100,1.094400,1.094400,10946
2015-12-31,1.094700,1.095700,1.087200,1.088600,1.088600,13372
2016-01-03,null,null,null,null,null,null
2016-01-04,1.088000,1.096500,1.079900,1.084600,1.084600,31954
2016-01-05,1.085000,1.085700,1.072900,1.076300,1.076300,21687
2016-01-06,1.077000,1.081800,1.073400,1.080600,1.080600,23496
2016-01-07,1.078700,1.095900,1.078700,1.095200,1.095200,37997
2016-01-08,1.094400,1.094900,1.082100,1.092000,1.092000,39311
2016-01-10,null,null,null,null,null,null
2016-01-11,1.096500,1.099100,1.086400,1.088900,1.088900,25858
2016-01-12,1.087600,1.091700,1.083700,1.087100,1.087100,21126
2016-01-13,1.086500,1.090500,1.082100,1.089400,1.089400,21098
2016-01-14,1.089700,1.096000,1.085000,1.087800,1.087800,26646
2016-01-15,1.088100,1.094900,1.087100,1.092400,1.092400,28968
2016-01-17,null,null,null,null,null,null
2016-01-18,null,null,null,null,null,null
2016-01-19,1.093100,1.095500,1.087400,1.093900,1.093900,22387
2016-01-20,1.092900,1.099100,1.089200,1.090600,1.090600,22196
2016-01-21,1.090200,1.093600,1.079000,1.089000,1.089000,24243
2016-01-22,1.088300,1.089000,1.080100,1.080300,1.080300,14438
2016-01-24,null,null,null,null,null,null
2016-01-25,1.080700,1.089000,1.080300,1.084900,1.084900,9579
2016-01-26,1.086300,1.088600,1.083100,1.086500,1.086500,11968
2016-01-27,1.088000,1.093000,1.086200,1.091700,1.091700,13207
2016-01-28,1.091000,1.097900,1.088100,1.096700,1.096700,15192
2016-01-29,1.095100,1.096000,1.082100,1.083800,1.083800,21381
2016-01-31,null,null,null,null,null,null
2016-02-01,1.084000,1.092400,1.082500,1.090300,1.090300,13092
2016-02-02,1.089900,1.095100,1.089700,1.092700,1.092700,10938
2016-02-03,1.093400,1.115600,1.091500,1.110300,1.110300,26680
2016-02-04,1.109500,1.124900,1.108000,1.122200,1.122200,24298
2016-02-05,1.121100,1.126600,1.111900,1.115400,1.115400,19525
2016-02-07,null,null,null,null,null,null
2016-02-08,1.116000,1.122700,1.109600,1.122100,1.122100,17159
2016-02-09,1.120700,1.134800,1.117200,1.129600,1.129600,18946
2016-02-10,1.129800,1.132100,1.117000,1.128900,1.128900,23267
2016-02-11,1.128900,1.138500,1.128300,1.133200,1.133200,25439
2016-02-12,1.132200,1.134100,1.122200,1.126400,1.126400,14100
2016-02-14,null,null,null,null,null,null
2016-02-15,null,null,null,null,null,null
2016-02-16,1.124600,1.124800,1.113200,1.115100,1.115100,19336
2016-02-17,1.114100,1.118700,1.111400,1.114600,1.114600,10465
2016-02-18,1.113500,1.115700,1.107600,1.110300,1.110300,12652
2016-02-19,1.111300,1.114500,1.107300,1.114100,1.114100,12678
2016-02-21,null,null,null,null,null,null
2016-02-22,1.112700,1.113100,1.100800,1.103100,1.103100,10925
2016-02-23,1.103200,1.105800,1.099600,1.101400,1.101400,11792
2016-02-24,1.102400,1.105100,1.096300,1.101900,1.101900,17054
2016-02-25,1.102100,1.105400,1.099100,1.104500,1.104500,11676
2016-02-26,1.102000,1.107200,1.091500,1.093100,1.093100,17229
2016-02-28,null,null,null,null,null,null
2016-02-29,1.092500,1.096700,1.086300,1.088500,1.088500,13908
2016-03-01,1.088700,1.089600,1.083700,1.086900,1.086900,15644
2016-03-02,1.087500,1.088400,1.082800,1.086700,1.086700,12273
2016-03-03,1.087300,1.097500,1.085700,1.095800,1.095800,15285
2016-03-04,1.095100,1.104500,1.090600,1.100000,1.100000,26292
2016-03-06,null,null,null,null,null,null
2016-03-07,1.099000,1.102700,1.094200,1.101800,1.101800,9434
2016-03-08,1.101300,1.105900,1.099500,1.100500,1.100500,10878
2016-03-09,1.101000,1.103700,1.094700,1.100400,1.100400,12244
2016-03-10,1.099300,1.121900,1.082300,1.120000,1.120000,55615
2016-03-11,1.118300,1.127300,1.108200,1.115700,1.115700,2221
2016-03-13,null,null,null,null,null,null
2016-03-14,1.114000,1.116900,1.110500,1.110800,1.110800,13436
2016-03-15,1.113200,1.115600,1.110300,1.113800,1.113800,9301
2016-03-16,1.113700,1.127300,1.108800,1.122400,1.122400,17138
2016-03-17,1.124300,1.137100,1.123400,1.134700,1.134700,18249
2016-03-18,1.134800,1.136600,1.128500,1.129600,1.129600,11192
2016-03-20,null,null,null,null,null,null
2016-03-21,1.130000,1.131300,1.126200,1.128000,1.128000,8589
2016-03-22,1.127100,1.128900,1.121700,1.124600,1.124600,11422
2016-03-23,1.124300,1.125000,1.118500,1.120800,1.120800,9459
2016-03-24,1.120700,1.121300,1.117000,1.119700,1.119700,7696
2016-03-27,null,null,null,null,null,null
2016-03-28,1.119000,1.124500,1.117900,1.122700,1.122700,5849
2016-03-29,1.122400,1.133000,1.119400,1.132200,1.132200,15496
2016-03-30,1.131700,1.139100,1.131100,1.136000,1.136000,14844
2016-03-31,1.135900,1.143800,1.133500,1.141200,1.141200,12931
2016-04-01,1.141000,1.146200,1.135900,1.141600,1.141600,16441
2016-04-03,null,null,null,null,null,null
2016-04-04,1.141400,1.143700,1.138200,1.141900,1.141900,8897
2016-04-05,1.141300,1.142800,1.135900,1.140800,1.140800,11263
2016-04-06,1.140800,1.145500,1.134900,1.142900,1.142900,13364
2016-04-07,1.142100,1.147600,1.135900,1.140000,1.140000,20301
2016-04-08,1.139900,1.144000,1.137000,1.141900,1.141900,10772
2016-04-10,null,null,null,null,null,null
2016-04-11,1.142500,1.146800,1.139300,1.143300,1.143300,11880
2016-04-12,1.142600,1.148600,1.136600,1.141700,1.141700,14329
2016-04-13,1.140200,1.141100,1.128800,1.130300,1.130300,14664
2016-04-14,1.129800,1.131400,1.125400,1.128500,1.128500,10687
2016-04-15,1.128200,1.133500,1.126400,1.130400,1.130400,10200
2016-04-17,null,null,null,null,null,null
2016-04-18,1.131300,1.135000,1.129200,1.133200,1.133200,9531
2016-04-19,1.133100,1.140300,1.132200,1.139300,1.139300,11015
2016-04-20,1.137600,1.140700,1.130800,1.131900,1.131900,12439
2016-04-21,1.131500,1.141700,1.128600,1.131100,1.131100,28478
2016-04-22,1.130300,1.132500,1.123400,1.124400,1.124400,11540
2016-04-24,null,null,null,null,null,null
2016-04-25,1.124500,1.129400,1.124000,1.127600,1.127600,6793
2016-04-26,1.128100,1.135600,1.127200,1.130500,1.130500,11332
2016-04-27,1.131500,1.137800,1.128800,1.134100,1.134100,12265
2016-04-28,1.134000,1.138200,1.131100,1.136400,1.136400,12555
2016-04-29,1.136300,1.147500,1.136300,1.146500,1.146500,16405
2016-05-01,null,null,null,null,null,null
2016-05-02,1.147100,1.155000,1.146200,1.153700,1.153700,9353
2016-05-03,1.154100,1.163000,1.150900,1.152000,1.152000,13629
2016-05-04,1.150600,1.154400,1.147900,1.151400,1.151400,14023
2016-05-05,1.149800,1.150600,1.139800,1.141100,1.141100,10553
2016-05-06,1.141600,1.149500,1.139900,1.141000,1.141000,12149
2016-05-08,null,null,null,null,null,null
2016-05-09,1.141100,1.143200,1.138700,1.139900,1.139900,8294
2016-05-10,1.139200,1.142100,1.137000,1.138000,1.138000,8297
2016-05-11,1.138100,1.145800,1.138100,1.143600,1.143600,7353
2016-05-12,1.143600,1.143900,1.138000,1.138400,1.138400,8373
2016-05-13,1.138400,1.139000,1.129100,1.131600,1.131600,10471
2016-05-15,null,null,null,null,null,null
2016-05-16,1.131500,1.135100,1.131100,1.132700,1.132700,5703
2016-05-17,1.132500,1.135800,1.128800,1.132600,1.132600,6077
2016-05-18,1.132000,1.132500,1.122200,1.123700,1.123700,9451
2016-05-19,1.122500,1.123700,1.118700,1.120800,1.120800,9255
2016-05-20,1.120900,1.124400,1.120300,1.122500,1.122500,5879
2016-05-22,null,null,null,null,null,null
2016-05-23,1.122500,1.124900,1.119400,1.122600,1.122600,6214
2016-05-24,1.122500,1.123300,1.113900,1.115200,1.115200,7768
2016-05-25,1.114700,1.117300,1.113500,1.116800,1.116800,6923
2016-05-26,1.116500,1.122100,1.115400,1.119500,1.119500,9319
2016-05-27,1.119500,1.120500,1.111600,1.114300,1.114300,7572
2016-05-29,null,null,null,null,null,null
2016-05-31,1.111900,1.117900,1.110200,1.113000,1.113000,11658
2016-06-01,1.113300,1.119800,1.111800,1.118600,1.118600,9518
2016-06-02,1.118900,1.122400,1.114800,1.115300,1.115300,11023
2016-06-03,1.115400,1.137900,1.114000,1.134800,1.134800,15529
2016-06-05,null,null,null,null,null,null
2016-06-06,1.136900,1.139600,1.132900,1.137600,1.137600,7744
2016-06-07,1.136100,1.138200,1.134100,1.136400,1.136400,5763
2016-06-08,1.136100,1.141300,1.135600,1.139900,1.139900,6950
2016-06-09,1.139900,1.141700,1.130600,1.133200,1.133200,8047
2016-06-10,1.132100,1.132100,1.125000,1.126100,1.126100,1234
2016-06-12,null,null,null,null,null,null
2016-06-13,1.124300,1.128400,1.123700,1.128400,1.128400,11147
2016-06-14,1.133200,1.133700,1.122800,1.124200,1.124200,12775
2016-06-15,1.124300,1.135800,1.122900,1.130200,1.130200,13053
2016-06-16,1.129900,1.133200,1.116900,1.127500,1.127500,19973
2016-06-17,1.126900,1.133500,1.126000,1.130700,1.130700,11189
2016-06-19,null,null,null,null,null,null
2016-06-20,1.135000,1.151500,1.133800,1.135100,1.135100,10136
2016-06-21,1.134900,1.138600,1.127600,1.129400,1.129400,11654
2016-06-22,1.128800,1.137400,1.127400,1.134600,1.134600,11244
2016-06-23,1.136200,1.145700,1.135200,1.139000,1.139000,14058
2016-06-24,1.145300,1.146500,1.094400,1.115500,1.115500,21774
2016-06-26,null,null,null,null,null,null
2016-06-27,1.108200,1.111600,1.100400,1.103600,1.103600,14269
2016-06-28,1.105500,1.114400,1.104300,1.107900,1.107900,11067
2016-06-29,1.110500,1.116200,1.108100,1.113800,1.113800,12447
2016-06-30,1.115300,1.118400,1.105300,1.110700,1.110700,18562
2016-07-01,1.113100,1.119900,1.110200,1.116500,1.116500,10074
2016-07-03,null,null,null,null,null,null
2016-07-05,1.116300,1.121600,1.109100,1.110000,1.110000,18398
2016-07-06,1.109800,1.114200,1.106000,1.113400,1.113400,13052
2016-07-07,1.112800,1.113600,1.108200,1.108400,1.108400,11048
2016-07-08,1.109300,1.114900,1.007700,1.007700,1.007700,15700
2016-07-10,null,null,null,null,null,null
2016-07-11,1.108400,1.110300,1.104400,1.108500,1.108500,10589
2016-07-12,1.109000,1.115500,1.108100,1.109600,1.109600,15114
2016-07-13,1.109200,1.114800,1.107000,1.113500,1.113500,14466
2016-07-14,1.112400,1.119200,1.111400,1.114800,1.114800,15231
2016-07-15,1.114200,1.117600,1.105100,1.108900,1.108900,13723
2016-07-17,null,null,null,null,null,null
2016-07-18,1.107100,1.111200,1.106400,1.109600,1.109600,9135
2016-07-19,1.110300,1.110700,1.102600,1.104200,1.104200,11221
2016-07-20,1.104400,1.105600,1.100700,1.103000,1.103000,10204
2016-07-21,1.103500,1.108500,1.100400,1.103800,1.103800,18480
2016-07-22,1.105000,1.106500,1.097900,1.098700,1.098700,13146
2016-07-24,null,null,null,null,null,null
2016-07-25,1.099900,1.102400,1.097600,1.101400,1.101400,6063
2016-07-26,1.101700,1.105500,1.100300,1.101100,1.101100,8407
2016-07-27,1.100900,1.108900,1.098500,1.104300,1.104300,10164
2016-07-28,1.108000,1.114300,1.107500,1.109500,1.109500,9416
2016-07-29,1.110000,1.121900,1.109500,1.120100,1.120100,11252
2016-07-31,null,null,null,null,null,null
2016-08-01,1.119700,1.120500,1.117600,1.119100,1.119100,5420
2016-08-02,1.118800,1.125600,1.118300,1.124800,1.124800,6826
2016-08-03,1.124400,1.124400,1.116100,1.116700,1.116700,6775
2016-08-04,1.117200,1.117800,1.113400,1.115000,1.115000,7107
2016-08-05,1.115000,1.118000,1.106400,1.111000,1.111000,9403
2016-08-07,null,null,null,null,null,null
2016-08-08,1.110200,1.112400,1.109100,1.110100,1.110100,4419
2016-08-09,1.110400,1.114000,1.108800,1.112500,1.112500,6322
2016-08-10,1.113200,1.120800,1.113100,1.119100,1.119100,7761
2016-08-11,1.119900,1.120700,1.115100,1.115900,1.115900,6486
2016-08-12,1.115200,1.123600,1.114600,1.117700,1.117700,8926
2016-08-14,null,null,null,null,null,null
2016-08-15,1.118400,1.121800,1.116900,1.119600,1.119600,5150
2016-08-16,1.119700,1.133800,1.119200,1.129000,1.129000,13569
2016-08-17,1.129200,1.133100,1.124500,1.130400,1.130400,9966
2016-08-18,1.130400,1.137900,1.130000,1.136700,1.136700,10570
2016-08-19,1.136500,1.137200,1.131600,1.133600,1.133600,8901
2016-08-21,null,null,null,null,null,null
2016-08-22,1.133400,1.134300,1.128300,1.133600,1.133600,7608
2016-08-23,1.133300,1.136600,1.131500,1.131800,1.131800,7531
2016-08-24,1.131800,1.132200,1.125700,1.127400,1.127400,7989
2016-08-25,1.127500,1.130700,1.127000,1.128900,1.128900,5835
2016-08-26,1.129400,1.135100,1.119000,1.119700,1.119700,16102
2016-08-28,null,null,null,null,null,null
2016-08-29,1.119700,1.121600,1.116700,1.119600,1.119600,6627
2016-08-30,1.119400,1.120000,1.114000,1.115000,1.115000,7491
2016-08-31,1.115300,1.117300,1.113000,1.116600,1.116600,7439
2016-09-01,1.116400,1.121100,1.113300,1.120400,1.120400,8863
2016-09-02,1.120000,1.126000,1.115600,1.116500,1.116500,10639
2016-09-04,null,null,null,null,null,null
2016-09-06,1.116100,1.126800,1.114400,1.125900,1.125900,16382
2016-09-07,1.125500,1.127600,1.123300,1.124800,1.124800,8255
2016-09-08,1.123800,1.133000,1.123800,1.126200,1.126200,24075
2016-09-09,1.126700,1.128800,1.120100,1.123100,1.123100,12252
2016-09-11,null,null,null,null,null,null
2016-09-12,1.123600,1.127200,1.121300,1.124500,1.124500,16363
2016-09-13,1.123800,1.126200,1.120600,1.121100,1.121100,10847
2016-09-14,1.121900,1.127700,1.121500,1.125200,1.125200,7475
2016-09-15,1.125100,1.128500,1.121900,1.124400,1.124400,7946
2016-09-16,1.124700,1.124800,1.114900,1.115100,1.115100,1966
2016-09-18,null,null,null,null,null,null
2016-09-19,1.116000,1.118300,1.115600,1.117800,1.117800,8045
2016-09-20,1.121800,1.125500,1.119100,1.119900,1.119900,8762
2016-09-21,1.119800,1.123700,1.116400,1.121700,1.121700,10445
2016-09-22,1.122900,1.129700,1.122500,1.124100,1.124100,11111
2016-09-23,1.124800,1.128000,1.123400,1.127100,1.127100,11004
2016-09-25,null,null,null,null,null,null
2016-09-26,1.126600,1.131900,1.126000,1.129500,1.129500,8491
2016-09-27,1.129100,1.129900,1.123100,1.126200,1.126200,11991
2016-09-28,1.125900,1.127700,1.122200,1.125500,1.125500,11207
2016-09-29,1.125600,1.128600,1.123300,1.125200,1.125200,11981
2016-09-30,1.125900,1.129000,1.119200,1.127700,1.127700,19511
2016-10-02,null,null,null,null,null,null
2016-10-03,1.127700,1.128400,1.124400,1.125500,1.125500,6844
2016-10-04,1.125000,1.127500,1.117300,1.123200,1.123200,19611
2016-10-05,1.123800,1.126800,1.122400,1.124700,1.124700,8930
2016-10-06,1.124000,1.124500,1.117100,1.117300,1.117300,9592
2016-10-07,1.118000,1.123600,1.113600,1.121000,1.121000,16801
2016-10-09,null,null,null,null,null,null
2016-10-11,1.116900,1.117300,1.107800,1.108000,1.108000,9502
2016-10-12,1.108300,1.109700,1.103400,1.104100,1.104100,10945
2016-10-13,1.103400,1.108700,1.101300,1.108400,1.108400,11263
2016-10-14,1.108200,1.108600,1.099900,1.101000,1.101000,9047
2016-10-16,null,null,null,null,null,null
2016-10-17,1.099600,1.103700,1.099200,1.102500,1.102500,6491
2016-10-18,1.102700,1.105400,1.099700,1.100500,1.100500,8330
2016-10-19,1.100400,1.103100,1.098000,1.099400,1.099400,8628
2016-10-20,1.100000,1.106400,1.094100,1.095100,1.095100,15043
2016-10-21,1.095000,1.095400,1.088400,1.089900,1.089900,9079
2016-10-23,null,null,null,null,null,null
2016-10-24,1.090800,1.092500,1.088300,1.090100,1.090100,7176
2016-10-25,1.090400,1.092900,1.087500,1.091300,1.091300,9022
2016-10-26,1.091200,1.096900,1.089900,1.093100,1.093100,10535
2016-10-27,1.093100,1.096400,1.090400,1.092500,1.092500,10593
2016-10-28,1.092000,1.101300,1.091500,1.100200,1.100200,12362
2016-10-30,null,null,null,null,null,null
2016-10-31,1.100700,1.101300,1.095800,1.098700,1.098700,5215
2016-11-01,1.099700,1.109000,1.098100,1.108200,1.108200,7975
2016-11-02,1.108000,1.114400,1.107100,1.111500,1.111500,12174
2016-11-03,1.111100,1.114600,1.107800,1.112400,1.112400,8028
2016-11-04,1.112400,1.116400,1.109900,1.113800,1.113800,8830
2016-11-06,null,null,null,null,null,null
2016-11-07,1.110900,1.113000,1.104500,1.105700,1.105700,7333
2016-11-08,1.105800,1.108400,1.102700,1.104700,1.104700,6126
2016-11-09,1.102700,1.131700,1.092200,1.094600,1.094600,35163
2016-11-10,1.093100,1.096800,1.087900,1.090600,1.090600,11607
2016-11-13,null,null,null,null,null,null
2016-11-14,1.085700,1.085700,1.072200,1.073900,1.073900,15606
2016-11-15,1.075900,1.083000,1.072800,1.073000,1.073000,17490
2016-11-16,1.073900,1.077300,1.068000,1.069500,1.069500,22344
2016-11-17,1.071100,1.075700,1.063100,1.063900,1.063900,21016
2016-11-18,1.063700,1.065400,1.058000,1.061100,1.061100,23659
2016-11-20,null,null,null,null,null,null
2016-11-21,1.060000,1.065900,1.059000,1.062000,1.062000,14289
2016-11-22,1.063800,1.066900,1.059400,1.063400,1.063400,12932
2016-11-23,1.063600,1.065400,1.053600,1.055800,1.055800,16930
2016-11-25,1.055900,1.063600,1.052700,1.060000,1.060000,18981
2016-11-27,null,null,null,null,null,null
2016-11-28,1.060800,1.069500,1.057300,1.060400,1.060400,14179
2016-11-29,1.062000,1.066200,1.057400,1.065600,1.065600,12585
2016-11-30,1.065500,1.067400,1.056000,1.060500,1.060500,20983
2016-12-01,1.060300,1.067600,1.058500,1.065300,1.065300,15854
2016-12-02,1.066500,1.069500,1.063200,1.066400,1.066400,12278
2016-12-04,null,null,null,null,null,null
2016-12-05,1.054600,1.080200,1.051100,1.077400,1.077400,25765
2016-12-06,1.076800,1.079000,1.070400,1.072200,1.072200,13139
2016-12-07,1.072400,1.077300,1.071400,1.076300,1.076300,7704
2016-12-08,1.076300,1.087800,1.060100,1.061700,1.061700,29650
2016-12-09,1.061800,1.063300,1.053400,1.055700,1.055700,12070
2016-12-11,null,null,null,null,null,null
2016-12-12,1.055100,1.065500,1.052800,1.063300,1.063300,11523
2016-12-13,1.064000,1.067000,1.060600,1.062300,1.062300,11998
2016-12-14,1.063700,1.067200,1.049800,1.056100,1.056100,14424
2016-12-15,1.053100,1.053100,1.036700,1.042600,1.042600,12522
2016-12-16,1.040500,1.047400,1.040200,1.043300,1.043300,2393
2016-12-18,null,null,null,null,null,null
2016-12-19,1.044800,1.047500,1.041500,1.044100,1.044100,12271
2016-12-20,1.044700,1.046300,1.039800,1.043600,1.043600,10553
2016-12-21,1.043900,1.049700,1.042800,1.047100,1.047100,11184
2016-12-22,1.047200,1.054300,1.046800,1.047900,1.047900,14062
2016-12-23,1.048100,1.051400,1.047100,1.049100,1.049100,7173
2016-12-25,null,null,null,null,null,null
2016-12-27,1.048900,1.050800,1.047500,1.050100,1.050100,4076
2016-12-28,1.050100,1.052400,1.042000,1.045800,1.045800,9563
2016-12-29,1.045600,1.053100,1.045100,1.052100,1.052100,13491
2016-12-30,1.053100,1.069000,1.052200,1.057400,1.057400,19880
2017-01-01,null,null,null,null,null,null
2017-01-03,1.049800,1.052900,1.037400,1.044600,1.044600,17030
2017-01-04,1.044100,1.053100,1.042300,1.049800,1.049800,13656
2017-01-05,1.051800,1.064500,1.051300,1.062200,1.062200,20084
2017-01-06,1.063400,1.065700,1.055400,1.056100,1.056100,15469
2017-01-08,null,null,null,null,null,null
2017-01-09,1.056000,1.061100,1.054000,1.060600,1.060600,14115
2017-01-10,1.061100,1.065700,1.057900,1.058700,1.058700,13048
2017-01-11,1.058400,1.065100,1.048000,1.060300,1.060300,26403
2017-01-12,1.061100,1.071000,1.059800,1.065100,1.065100,19424
2017-01-13,1.063900,1.070000,1.062100,1.066800,1.066800,15008
2017-01-15,null,null,null,null,null,null
2017-01-17,1.064900,1.074500,1.060400,1.073400,1.073400,23780
2017-01-18,1.073500,1.073700,1.065300,1.069200,1.069200,11655
2017-01-19,1.065800,1.070000,1.061100,1.068200,1.068200,21160
2017-01-20,1.067900,1.073100,1.064700,1.073000,1.073000,15046
2017-01-22,null,null,null,null,null,null
2017-01-23,1.072700,1.079200,1.072500,1.076800,1.076800,12854
2017-01-24,1.079200,1.079600,1.074000,1.074300,1.074300,10289
2017-01-25,1.075300,1.079000,1.073200,1.076100,1.076100,11071
2017-01-26,1.077000,1.078500,1.067700,1.071800,1.071800,13535
2017-01-27,1.069700,1.074400,1.067700,1.071800,1.071800,14014
2017-01-29,null,null,null,null,null,null
2017-01-30,1.073000,1.076000,1.063700,1.071100,1.071100,14887
2017-01-31,1.071900,1.082900,1.070100,1.082100,1.082100,19739
2017-02-01,1.081600,1.082400,1.074700,1.079300,1.079300,13738
2017-02-02,1.078300,1.084400,1.077100,1.077800,1.077800,11768
2017-02-03,1.077900,1.081200,1.072500,1.078100,1.078100,14734
2017-02-05,null,null,null,null,null,null
2017-02-06,1.079000,1.080300,1.071900,1.076200,1.076200,10043
2017-02-07,1.076000,1.076300,1.066900,1.070800,1.070800,10924
2017-02-08,1.069500,1.072800,1.065300,1.069800,1.069800,12466
2017-02-09,1.070900,1.072100,1.066300,1.067000,1.067000,14037
2017-02-10,1.066600,1.068000,1.061900,1.064300,1.064300,11459
2017-02-12,null,null,null,null,null,null
2017-02-13,1.064400,1.066900,1.060300,1.061000,1.061000,8764
2017-02-14,1.060700,1.064300,1.057100,1.058300,1.058300,13140
2017-02-15,1.059000,1.061900,1.053000,1.060000,1.060000,14121
2017-02-16,1.060200,1.068800,1.060200,1.068500,1.068500,11759
2017-02-17,1.067800,1.068500,1.061400,1.061500,1.061500,10049
2017-02-19,null,null,null,null,null,null
2017-02-21,1.062700,1.064000,1.053300,1.055600,1.055600,15779
2017-02-22,1.054300,1.058200,1.050100,1.057800,1.057800,17541
2017-02-23,1.056500,1.060100,1.054300,1.057900,1.057900,11583
2017-02-24,1.058500,1.062400,1.056100,1.057000,1.057000,12611
2017-02-26,null,null,null,null,null,null
2017-02-27,1.056500,1.063700,1.055800,1.059300,1.059300,9733
2017-02-28,1.059300,1.063600,1.057100,1.059700,1.059700,12559
2017-03-01,1.058000,1.059300,1.051800,1.054800,1.054800,13590
2017-03-02,1.055400,1.055400,1.049800,1.050500,1.050500,10249
2017-03-03,1.051500,1.062700,1.050600,1.060100,1.060100,14428
2017-03-05,null,null,null,null,null,null
2017-03-06,1.062100,1.064300,1.057700,1.059000,1.059000,11632
2017-03-07,1.058200,1.060600,1.056100,1.057000,1.057000,8273
2017-03-08,1.056800,1.057600,1.053600,1.055000,1.055000,9386
2017-03-09,1.054000,1.061600,1.052600,1.059300,1.059300,13733
2017-03-10,1.057500,1.074300,1.057200,1.069300,1.069300,2637
2017-03-12,null,null,null,null,null,null
2017-03-13,1.068400,1.070300,1.066000,1.066400,1.066400,9508
2017-03-14,1.070200,1.071200,1.064900,1.066000,1.066000,10016
2017-03-15,1.065500,1.079000,1.065400,1.075300,1.075300,14487
2017-03-16,1.078400,1.081900,1.075400,1.079700,1.079700,11659
2017-03-17,1.081800,1.083100,1.077800,1.079100,1.079100,10542
2017-03-19,null,null,null,null,null,null
2017-03-20,1.078700,1.082500,1.077300,1.078100,1.078100,7755
2017-03-21,1.078500,1.086700,1.076800,1.084700,1.084700,11801
2017-03-22,1.085600,1.087200,1.082300,1.084400,1.084400,10261
2017-03-23,1.084000,1.085100,1.081400,1.083100,1.083100,8837
2017-03-24,1.082600,1.086200,1.080600,1.085000,1.085000,9835
2017-03-26,null,null,null,null,null,null
2017-03-27,1.087500,1.094900,1.086400,1.091100,1.091100,10309
2017-03-28,1.090700,1.091500,1.084200,1.085100,1.085100,9183
2017-03-29,1.085600,1.086800,1.078300,1.080000,1.080000,11879
2017-03-30,1.080700,1.081000,1.071000,1.072900,1.072900,12056
2017-03-31,1.071800,1.074000,1.069000,1.072200,1.072200,10112
2017-04-02,null,null,null,null,null,null
2017-04-03,1.070300,1.071900,1.068100,1.070500,1.070500,8000
2017-04-04,1.070600,1.071300,1.067300,1.070500,1.070500,7214
2017-04-05,1.071400,1.072600,1.067000,1.070300,1.070300,10902
2017-04-06,1.069900,1.071900,1.066400,1.068200,1.068200,9835
2017-04-07,1.068400,1.070200,1.061500,1.062400,1.062400,11217
2017-04-09,null,null,null,null,null,null
2017-04-10,1.062500,1.064200,1.060400,1.062900,1.062900,7642
2017-04-11,1.062900,1.066400,1.061300,1.064200,1.064200,8641
2017-04-12,1.063800,1.070600,1.062100,1.062700,1.062700,10020
2017-04-13,1.069900,1.071000,1.064000,1.065400,1.065400,9465
2017-04-16,null,null,null,null,null,null
2017-04-17,1.064600,1.070300,1.063500,1.067400,1.067400,7169
2017-04-18,1.067600,1.076800,1.066900,1.076200,1.076200,13630
2017-04-19,1.076400,1.076800,1.073100,1.075100,1.075100,8729
2017-04-20,1.074000,1.080600,1.073800,1.075000,1.075000,12106
2017-04-21,1.074200,1.076700,1.071100,1.072400,1.072400,11948
2017-04-23,null,null,null,null,null,null
2017-04-24,1.087200,1.093200,1.085000,1.088600,1.088600,22552
2017-04-25,1.089300,1.097800,1.087900,1.096700,1.096700,15920
2017-04-26,1.095400,1.097800,1.088300,1.092600,1.092600,17577
2017-04-27,1.092900,1.095900,1.087700,1.090900,1.090900,24531
2017-04-28,1.089600,1.097300,1.088200,1.092100,1.092100,16622
2017-04-30,null,null,null,null,null,null
2017-05-01,1.092000,1.094900,1.090900,1.093100,1.093100,6271
2017-05-02,1.092200,1.095800,1.091300,1.095200,1.095200,9099
2017-05-03,1.095400,1.096200,1.090700,1.092800,1.092800,10686
2017-05-04,1.090900,1.101000,1.089700,1.100000,1.100000,15286
2017-05-05,1.101000,1.102300,1.097200,1.101100,1.101100,12645
2017-05-07,null,null,null,null,null,null
2017-05-08,1.103300,1.103600,1.093700,1.095400,1.095400,15894
2017-05-09,1.094600,1.095400,1.088400,1.088900,1.088900,12036
2017-05-10,1.089500,1.091900,1.087400,1.088200,1.088200,9489
2017-05-11,1.088600,1.091200,1.085800,1.088500,1.088500,10968
2017-05-12,1.087900,1.095200,1.087500,1.094200,1.094200,11181
2017-05-14,null,null,null,null,null,null
2017-05-15,1.095000,1.100800,1.094100,1.099500,1.099500,8801
2017-05-16,1.099600,1.111500,1.099500,1.111200,1.111200,14752
2017-05-17,1.110000,1.118000,1.109800,1.116600,1.116600,14027
2017-05-18,1.118100,1.118800,1.109200,1.112000,1.112000,14397
2017-05-19,1.111700,1.122700,1.111500,1.122000,1.122000,8524
2017-05-21,null,null,null,null,null,null
2017-05-22,1.122700,1.127900,1.117600,1.125100,1.125100,11687
2017-05-23,1.125300,1.128300,1.119000,1.119900,1.119900,14332
2017-05-24,1.119600,1.123500,1.118300,1.121200,1.121200,12129
2017-05-25,1.122700,1.126200,1.120500,1.121600,1.121600,9086
2017-05-26,1.122300,1.124600,1.117200,1.119000,1.119000,10677
2017-05-28,null,null,null,null,null,null
2017-05-30,1.118900,1.121700,1.112100,1.119900,1.119900,20016
2017-05-31,1.119200,1.126200,1.117500,1.125600,1.125600,10946
2017-06-01,1.125000,1.126700,1.121000,1.122400,1.122400,8714
2017-06-02,1.122300,1.129300,1.121300,1.128500,1.128500,10264
2017-06-04,null,null,null,null,null,null
2017-06-05,1.129000,1.129000,1.124200,1.126500,1.126500,7187
2017-06-06,1.126300,1.129100,1.124700,1.127500,1.127500,8952
2017-06-07,1.128500,1.128900,1.121100,1.126100,1.126100,12399
2017-06-08,1.126300,1.127500,1.119900,1.122800,1.122800,18893
2017-06-09,1.121100,1.122000,1.117000,1.120200,1.120200,10880
2017-06-11,null,null,null,null,null,null
2017-06-12,1.121000,1.123600,1.119600,1.121200,1.121200,7187
2017-06-13,1.120800,1.122800,1.118800,1.121500,1.121500,6622
2017-06-14,1.121200,1.129900,1.119600,1.121900,1.121900,15057
2017-06-15,1.121900,1.123000,1.113400,1.115400,1.115400,10850
2017-06-16,1.114900,1.120600,1.113400,1.119400,1.119400,1821
2017-06-18,null,null,null,null,null,null
2017-06-19,1.120100,1.121600,1.117500,1.117800,1.117800,7728
2017-06-20,1.120300,1.121900,1.117200,1.118300,1.118300,8262
2017-06-21,1.118500,1.122400,1.118100,1.121600,1.121600,6729
2017-06-22,1.122000,1.122900,1.119000,1.119900,1.119900,5561
2017-06-23,1.120300,1.126100,1.119600,1.124800,1.124800,6429
2017-06-25,null,null,null,null,null,null
2017-06-26,1.124700,1.127100,1.122300,1.123200,1.123200,8050
2017-06-27,1.123400,1.140100,1.122900,1.139800,1.139800,16506
2017-06-28,1.138600,1.144200,1.134100,1.143000,1.143000,21561
2017-06-29,1.142500,1.149300,1.142200,1.147900,1.147900,11558
2017-06-30,1.148800,1.149200,1.143800,1.146700,1.146700,11104
2017-07-02,null,null,null,null,null,null
2017-07-03,null,null,null,null,null,null
2017-07-05,1.141000,1.142300,1.135600,1.138600,1.138600,9589
2017-07-06,1.139200,1.146800,1.137100,1.146400,1.146400,7368
2017-07-07,1.146200,1.148200,1.142100,1.144500,1.144500,8566
2017-07-09,null,null,null,null,null,null
2017-07-10,1.144200,1.145900,1.142200,1.144500,1.144500,4358
2017-07-11,1.143900,1.152100,1.142400,1.151800,1.151800,6379
2017-07-12,1.150400,1.153000,1.143000,1.145500,1.145500,11418
2017-07-13,1.145200,1.149400,1.140900,1.144400,1.144400,9816
2017-07-14,1.143700,1.151000,1.142900,1.150400,1.150400,7436
2017-07-16,null,null,null,null,null,null
2017-07-17,1.150400,1.152500,1.147300,1.151800,1.151800,5141
2017-07-18,1.151600,1.162300,1.150900,1.159800,1.159800,10326
2017-07-19,1.159200,1.159200,1.154600,1.155500,1.155500,6448
2017-07-20,1.155100,1.169300,1.151400,1.165900,1.165900,19871
2017-07-21,1.166900,1.171800,1.165400,1.171300,1.171300,7583
2017-07-23,null,null,null,null,null,null
2017-07-24,1.170400,1.171800,1.166000,1.167700,1.167700,5545
2017-07-25,1.167200,1.174600,1.166400,1.168300,1.168300,8823
2017-07-26,1.168000,1.177300,1.164600,1.173600,1.173600,11934
2017-07-27,1.177700,1.180800,1.168100,1.171500,1.171500,10630
2017-07-28,1.171700,1.179400,1.170100,1.179100,1.179100,8726
2017-07-30,null,null,null,null,null,null
2017-07-31,1.178000,1.187600,1.175400,1.186000,1.186000,9768
2017-08-01,1.186600,1.186900,1.181400,1.183200,1.183200,9774
2017-08-02,1.183400,1.193900,1.182300,1.188900,1.188900,11854
2017-08-03,1.188300,1.191900,1.185800,1.189400,1.189400,9243
2017-08-04,1.189800,1.191500,1.175300,1.179100,1.179100,15499
2017-08-06,null,null,null,null,null,null
2017-08-07,1.180100,1.184000,1.179600,1.182000,1.182000,7909
2017-08-08,1.182000,1.184900,1.173900,1.177800,1.177800,10258
2017-08-09,1.177500,1.179200,1.171300,1.177700,1.177700,12677
2017-08-10,1.178100,1.180800,1.172600,1.179200,1.179200,12182
2017-08-11,1.179200,1.187000,1.177000,1.184500,1.184500,13719
2017-08-13,null,null,null,null,null,null
2017-08-14,1.184400,1.186000,1.179100,1.180500,1.180500,7487
2017-08-15,1.179900,1.181400,1.170800,1.175500,1.175500,11474
2017-08-16,1.175600,1.179800,1.170200,1.178800,1.178800,14241
2017-08-17,1.178200,1.180900,1.168100,1.175900,1.175900,15082
2017-08-18,1.174100,1.179200,1.172500,1.177600,1.177600,10625
2017-08-20,null,null,null,null,null,null
2017-08-21,1.177600,1.184600,1.174800,1.182700,1.182700,9163
2017-08-22,1.182900,1.184000,1.176100,1.176800,1.176800,9387
2017-08-23,1.178100,1.183900,1.175600,1.183500,1.183500,12051
2017-08-24,1.182400,1.183200,1.179800,1.181800,1.181800,7234
2017-08-25,1.181400,1.195500,1.178700,1.189200,1.189200,16313
2017-08-27,null,null,null,null,null,null
2017-08-28,1.194600,1.199700,1.193000,1.199300,1.199300,8149
2017-08-29,1.199100,1.208200,1.195900,1.200300,1.200300,18463
2017-08-30,1.198000,1.199600,1.189200,1.190300,1.190300,15666
2017-08-31,1.190200,1.192300,1.183200,1.191200,1.191200,18288
2017-09-01,1.192900,1.198900,1.185500,1.187600,1.187600,18775
2017-09-03,null,null,null,null,null,null
2017-09-05,1.188000,1.194800,1.187500,1.192600,1.192600,20705
2017-09-06,1.192200,1.195700,1.191100,1.191900,1.191900,11789
2017-09-07,1.192600,1.206500,1.192000,1.201000,1.201000,23174
2017-09-08,1.202500,1.209800,1.201900,1.203200,1.203200,13651
2017-09-10,null,null,null,null,null,null
2017-09-11,1.203000,1.203300,1.195200,1.196700,1.196700,9944
2017-09-12,1.196000,1.198200,1.193000,1.197300,1.197300,9439
2017-09-13,1.197100,1.199800,1.187500,1.187700,1.187700,10540
2017-09-14,1.188900,1.192300,1.183700,1.191400,1.191400,10583
2017-09-15,1.191700,1.198800,1.190200,1.194000,1.194000,2618
2017-09-17,null,null,null,null,null,null
2017-09-18,1.193600,1.196700,1.191700,1.196100,1.196100,10558
2017-09-19,1.201100,1.206500,1.201000,1.205500,1.205500,11977
2017-09-20,1.205300,1.209200,1.191700,1.194700,1.194700,15307
2017-09-21,1.194800,1.200800,1.192100,1.198600,1.198600,11673
2017-09-22,1.199300,1.205900,1.199000,1.199700,1.199700,11170
2017-09-24,null,null,null,null,null,null
2017-09-25,1.197100,1.199100,1.188700,1.190000,1.190000,13910
2017-09-26,1.190600,1.191500,1.181100,1.185300,1.185300,13268
2017-09-27,1.184600,1.184800,1.177100,1.181100,1.181100,12559
2017-09-28,1.179600,1.185400,1.177000,1.184100,1.184100,11045
2017-09-29,1.183300,1.188100,1.182100,1.186400,1.186400,10042
2017-10-01,null,null,null,null,null,null
2017-10-02,1.185600,1.186300,1.177900,1.179200,1.179200,9443
2017-10-03,1.178000,1.182200,1.174300,1.179600,1.179600,8765
2017-10-04,1.178700,1.183400,1.178200,1.181000,1.181000,7423
2017-10-05,1.180200,1.182300,1.174300,1.175000,1.175000,10111
2017-10-06,1.175600,1.178200,1.171200,1.177700,1.177700,11419
2017-10-08,null,null,null,null,null,null
2017-10-09,1.178100,1.180000,1.176300,1.179300,1.179300,5187
2017-10-10,1.178600,1.186900,1.178300,1.184700,1.184700,10333
2017-10-11,1.185100,1.191300,1.183800,1.189700,1.189700,10529
2017-10-12,1.190200,1.192100,1.186800,1.187500,1.187500,8216
2017-10-13,1.187300,1.191500,1.184500,1.185800,1.185800,13083
2017-10-15,null,null,null,null,null,null
2017-10-16,1.185200,1.185900,1.181900,1.183100,1.183100,9434
2017-10-17,1.183600,1.183600,1.177400,1.180900,1.180900,7668
2017-10-18,1.180500,1.184300,1.176800,1.184100,1.184100,10540
2017-10-19,1.183000,1.189400,1.180400,1.186500,1.186500,13267
2017-10-20,1.188000,1.189300,1.179700,1.181500,1.181500,10663
2017-10-22,null,null,null,null,null,null
2017-10-23,1.180800,1.181200,1.175900,1.177200,1.177200,9239
2017-10-24,1.178500,1.182700,1.177700,1.182000,1.182000,8173
2017-10-25,1.179700,1.185100,1.178700,1.183900,1.183900,8941
2017-10-26,1.184600,1.186900,1.167100,1.169100,1.169100,24037
2017-10-27,1.168400,1.168600,1.160400,1.162900,1.162900,15088
2017-10-29,null,null,null,null,null,null
2017-10-30,1.163300,1.168800,1.162400,1.166900,1.166900,8861
2017-10-31,1.168000,1.169100,1.164900,1.168100,1.168100,8996
2017-11-01,1.167500,1.168600,1.163600,1.164700,1.164700,10324
2017-11-02,1.165000,1.171500,1.164000,1.168800,1.168800,12494
2017-11-03,1.168400,1.172000,1.162600,1.163400,1.163400,10687
2017-11-05,null,null,null,null,null,null
2017-11-06,1.163500,1.164900,1.160600,1.163300,1.163300,8935
2017-11-07,1.163400,1.164000,1.157800,1.161200,1.161200,8947
2017-11-08,1.161600,1.163500,1.160300,1.161900,1.161900,7168
2017-11-09,1.161800,1.167800,1.160800,1.167000,1.167000,14061
2017-11-10,1.166400,1.169900,1.164400,1.168700,1.168700,8723
2017-11-12,null,null,null,null,null,null
2017-11-13,1.168300,1.169600,1.165900,1.168900,1.168900,6868
2017-11-14,1.168600,1.182600,1.168200,1.181500,1.181500,13366
2017-11-15,1.181900,1.188100,1.180600,1.181300,1.181300,13531
2017-11-16,1.180800,1.182000,1.177600,1.178400,1.178400,8605
2017-11-17,1.178800,1.184000,1.178300,1.181500,1.181500,8717
2017-11-19,null,null,null,null,null,null
2017-11-20,1.178600,1.182700,1.173800,1.175000,1.175000,13101
2017-11-21,1.174800,1.177400,1.172900,1.175900,1.175900,10522
2017-11-22,1.175300,1.184400,1.175000,1.184000,1.184000,12698
2017-11-24,null,null,null,null,null,null
2017-11-26,null,null,null,null,null,null
2017-11-27,1.195000,1.197400,1.190900,1.191400,1.191400,9538
2017-11-28,1.191400,1.193200,1.184000,1.185000,1.185000,11747
2017-11-29,1.185900,1.189500,1.182900,1.187400,1.187400,11024
2017-11-30,1.186100,1.194200,1.182000,1.190800,1.190800,13427
2017-12-01,1.190500,1.194900,1.186000,1.190300,1.190300,19213
2017-12-03,null,null,null,null,null,null
2017-12-04,1.188000,1.188700,1.183800,1.186600,1.186600,10505
2017-12-05,1.187500,1.188500,1.180800,1.182300,1.182300,11702
2017-12-06,1.183500,1.185500,1.178700,1.179900,1.179900,11120
2017-12-07,1.181000,1.182000,1.177600,1.177900,1.177900,8928
2017-12-08,1.177800,1.178800,1.173500,1.177200,1.177200,11121
2017-12-10,null,null,null,null,null,null
2017-12-11,1.177500,1.181600,1.176900,1.179000,1.179000,7356
2017-12-12,1.177700,1.179600,1.172200,1.174200,1.174200,10224
2017-12-13,1.174100,1.183500,1.173300,1.182400,1.182400,12645
2017-12-14,1.182800,1.186400,1.177200,1.179400,1.179400,14019
2017-12-15,1.176700,1.181200,1.174600,1.175800,1.175800,1977
2017-12-17,null,null,null,null,null,null
2017-12-18,1.174500,1.181300,1.174500,1.181300,1.181300,10679
2017-12-19,1.186600,1.192500,1.185900,1.192200,1.192200,10199
2017-12-20,1.191600,1.197600,1.190500,1.195300,1.195300,9886
2017-12-21,1.194700,1.196300,1.192400,1.194800,1.194800,9388
2017-12-22,1.194400,1.194500,1.189400,1.192800,1.192800,4946
2017-12-24,null,null,null,null,null,null
2017-12-26,1.194200,1.195900,1.192200,1.194100,1.194100,4946
2017-12-27,1.193500,1.198400,1.193100,1.196900,1.196900,6137
2017-12-28,1.195600,1.201400,1.195300,1.200700,1.200700,6805
2017-12-29,1.199400,1.207900,1.198900,1.207500,1.207500,9591
2017-12-31,null,null,null,null,null,null
2018-01-02,1.206200,1.213500,1.205500,1.210600,1.210600,10805
2018-01-03,1.210900,1.211900,1.205400,1.206900,1.206900,11532
2018-01-04,1.206200,1.214000,1.205500,1.212200,1.212200,11184
2018-01-05,1.212100,1.213200,1.207100,1.209900,1.209900,12110
2018-01-07,null,null,null,null,null,null
2018-01-08,1.208000,1.210200,1.200400,1.201300,1.201300,10898
2018-01-09,1.201500,1.202400,1.196400,1.198000,1.198000,8351
2018-01-10,1.198300,1.206700,1.197100,1.200600,1.200600,19269
2018-01-11,1.199600,1.210500,1.197500,1.208400,1.208400,20021
2018-01-12,1.208300,1.226500,1.207700,1.222800,1.222800,24619
2018-01-14,null,null,null,null,null,null
2018-01-16,1.224800,1.234200,1.223400,1.231600,1.231600,42982
2018-01-17,1.230200,1.236700,1.222300,1.228400,1.228400,35955
2018-01-18,1.221000,1.230800,1.220300,1.228600,1.228600,23386
2018-01-19,1.228300,1.233700,1.225500,1.227500,1.227500,21607
2018-01-21,null,null,null,null,null,null
2018-01-22,1.229900,1.230800,1.225500,1.229900,1.229900,14890
2018-01-23,1.230000,1.234700,1.226300,1.233500,1.233500,18172
2018-01-24,1.233800,1.245600,1.233000,1.244400,1.244400,24222
2018-01-25,1.244900,1.257600,1.240300,1.242800,1.242800,46552
2018-01-26,1.241300,1.253100,1.241300,1.246000,1.246000,22168
2018-01-28,null,null,null,null,null,null
2018-01-29,1.245800,1.246900,1.237400,1.242700,1.242700,18277
2018-01-30,1.242000,1.249200,1.237200,1.244100,1.244100,22082
2018-01-31,1.244000,1.251100,1.242200,1.244700,1.244700,22525
2018-02-01,1.244900,1.255700,1.241900,1.253700,1.253700,25044
2018-02-02,1.254000,1.255100,1.244200,1.248600,1.248600,26995
2018-02-04,null,null,null,null,null,null
2018-02-05,1.247800,1.250800,1.239400,1.243200,1.243200,21645
2018-02-06,1.240600,1.246800,1.234600,1.242400,1.242400,25034
2018-02-07,1.241400,1.243600,1.227400,1.230600,1.230600,17994
2018-02-08,1.228300,1.232400,1.224000,1.229100,1.229100,19650
2018-02-09,1.227500,1.231600,1.223400,1.225900,1.225900,17928
2018-02-11,null,null,null,null,null,null
2018-02-12,1.227800,1.232500,1.226200,1.230800,1.230800,13247
2018-02-13,1.231900,1.239800,1.231100,1.238000,1.238000,15280
2018-02-14,1.237700,1.249100,1.230100,1.246200,1.246200,26046
2018-02-15,1.247600,1.253300,1.247100,1.253000,1.253000,15939
2018-02-16,1.251100,1.257800,1.241400,1.244000,1.244000,18672
2018-02-18,null,null,null,null,null,null
2018-02-20,1.243600,1.245800,1.234000,1.235700,1.235700,23052
2018-02-21,1.235500,1.238100,1.230200,1.232100,1.232100,19012
2018-02-22,1.229500,1.237000,1.227800,1.234900,1.234900,17603
2018-02-23,1.234500,1.235300,1.229700,1.231300,1.231300,0
2018-02-25,null,null,null,null,null,null
2018-02-26,1.230600,1.237200,1.229400,1.232700,1.232700,16946
2018-02-27,1.232800,1.236100,1.223600,1.225300,1.225300,24838
2018-02-28,1.224900,1.225600,1.220200,1.221700,1.221700,16078
2018-03-01,1.220600,1.228500,1.216600,1.226500,1.226500,19008
2018-03-02,1.228400,1.234700,1.226300,1.234100,1.234100,16951
2018-03-04,null,null,null,null,null,null
2018-03-05,1.235500,1.235900,1.227900,1.233600,1.233600,18512
2018-03-06,1.234500,1.243000,1.233800,1.241400,1.241400,16844
2018-03-07,1.243100,1.246000,1.239300,1.241400,1.241400,14024
2018-03-08,1.241600,1.245300,1.230300,1.231200,1.231200,23154
2018-03-09,1.231900,1.234000,1.227800,1.232000,1.232000,17556
2018-03-11,null,null,null,null,null,null
2018-03-12,1.231400,1.235000,1.229500,1.234100,1.234100,12603
2018-03-13,1.233900,1.241200,1.231800,1.240200,1.240200,17314
2018-03-14,1.239700,1.241600,1.235100,1.237900,1.237900,15168
2018-03-15,1.236900,1.238500,1.230100,1.230500,1.230500,13266
2018-03-16,1.230500,1.233600,1.226000,1.228600,1.228600,3019
2018-03-18,null,null,null,null,null,null
2018-03-19,1.228900,1.231900,1.226000,1.231900,1.231900,19600
2018-03-20,1.242000,1.243900,1.232300,1.233600,1.233600,17685
2018-03-21,1.232600,1.243200,1.232200,1.241100,1.241100,21915
2018-03-22,1.242000,1.246700,1.236500,1.238700,1.238700,18287
2018-03-23,1.238300,1.245300,1.238300,1.244600,1.244600,13413
2018-03-25,null,null,null,null,null,null
2018-03-26,1.243700,1.254100,1.243000,1.253400,1.253400,12574
2018-03-27,1.252600,1.255300,1.244900,1.247800,1.247800,16852
2018-03-28,1.247700,1.249100,1.236800,1.238100,1.238100,17495
2018-03-29,1.237800,1.240300,1.235200,1.235900,1.235900,0
2018-04-01,null,null,null,null,null,null
2018-04-02,1.237900,1.241400,1.234900,1.236800,1.236800,12371
2018-04-03,1.237000,1.240300,1.232100,1.233500,1.233500,17268
2018-04-04,1.233600,1.238200,1.232300,1.234800,1.234800,15108
2018-04-05,1.235200,1.235500,1.228200,1.230100,1.230100,15751
2018-04-06,1.230200,1.235300,1.227700,1.234800,1.234800,16369
2018-04-08,null,null,null,null,null,null
2018-04-09,1.234100,1.239200,1.232200,1.238300,1.238300,14960
2018-04-10,1.238500,1.243800,1.236300,1.242100,1.242100,13939
2018-04-11,1.241500,1.245700,1.240700,1.242250,1.242250,14820
2018-04-12,1.242800,1.243800,1.235700,1.238700,1.238700,14678
2018-04-13,1.238400,1.240300,1.236400,1.238900,1.238900,12639
2018-04-15,null,null,null,null,null,null
2018-04-16,1.238900,1.245000,1.238100,1.243700,1.243700,13330
2018-04-17,1.243600,1.246800,1.239100,1.242200,1.242200,15551
2018-04-18,1.242900,1.245100,1.239500,1.243000,1.243000,17652
2018-04-19,1.243100,1.245200,1.238000,1.238900,1.238900,18229
2018-04-20,1.239600,1.240300,1.229900,1.233300,1.233300,18543
2018-04-22,null,null,null,null,null,null
2018-04-23,1.233200,1.233800,1.224700,1.225400,1.225400,15962
2018-04-24,1.226000,1.229400,1.222900,1.228500,1.228500,17938
2018-04-25,1.228000,1.228600,1.220600,1.222400,1.222400,17486
2018-04-26,1.220800,1.225500,1.214000,1.215000,1.215000,29267
2018-04-27,1.214600,1.217800,1.209800,1.216400,1.216400,23278
2018-04-29,null,null,null,null,null,null
2018-04-30,1.217000,1.218100,1.210600,1.212300,1.212300,19362
2018-05-01,1.211800,1.212600,1.202200,1.203600,1.203600,14194
2018-05-02,1.203300,1.207100,1.197700,1.202500,1.202500,21410
2018-05-03,1.199200,1.204500,1.198400,1.202900,1.202900,20342
2018-05-04,1.202100,1.203100,1.194600,1.199900,1.199900,19574
2018-05-06,null,null,null,null,null,null
2018-05-07,1.199400,1.201300,1.193200,1.195900,1.195900,12667
2018-05-08,1.195500,1.197200,1.187200,1.189000,1.189000,18036
2018-05-09,1.189600,1.192900,1.185500,1.189400,1.189400,15713
2018-05-10,1.188200,1.197700,1.187400,1.195600,1.195600,21117
2018-05-11,1.194400,1.199700,1.192100,1.197200,1.197200,14982
2018-05-13,null,null,null,null,null,null
2018-05-14,1.197500,1.202400,1.195500,1.197200,1.197200,12545
2018-05-15,1.197000,1.197000,1.184800,1.187600,1.187600,18449
2018-05-16,1.186700,1.188100,1.179100,1.182800,1.182800,22076
2018-05-17,1.183500,1.186100,1.180100,1.182300,1.182300,18416
2018-05-18,1.181900,1.184600,1.177300,1.179700,1.179700,15378
2018-05-20,null,null,null,null,null,null
2018-05-21,1.178900,1.181900,1.173900,1.179500,1.179500,14440
2018-05-22,1.181500,1.185200,1.177900,1.180000,1.180000,17463
2018-05-23,1.179800,1.181000,1.169600,1.171900,1.171900,31251
2018-05-24,1.171800,1.176800,1.170900,1.174500,1.174500,19839
2018-05-25,1.173800,1.175200,1.166300,1.168000,1.168000,22792
2018-05-27,null,null,null,null,null,null
2018-05-29,1.164300,1.165600,1.152600,1.154800,1.154800,52441
2018-05-30,1.155800,1.169100,1.153300,1.166800,1.166800,33689
2018-05-31,1.168400,1.173600,1.165400,1.170000,1.170000,33289
2018-06-01,1.170600,1.172900,1.162900,1.167500,1.167500,26996
2018-06-03,null,null,null,null,null,null
2018-06-04,1.167500,1.175700,1.167200,1.170900,1.170900,18679
2018-06-05,1.170700,1.174200,1.166200,1.172400,1.172400,23936
2018-06-06,1.172600,1.180500,1.172300,1.177700,1.177700,23985
2018-06-07,1.178400,1.184800,1.178200,1.181400,1.181400,18045
2018-06-08,1.180500,1.181600,1.173400,1.177700,1.177700,17257
2018-06-10,null,null,null,null,null,null
2018-06-11,1.178000,1.182600,1.177600,1.179300,1.179300,13861
2018-06-12,1.178700,1.181500,1.173800,1.175500,1.175500,14806
2018-06-13,1.175100,1.180500,1.172900,1.177700,1.177700,18035
2018-06-14,1.179700,1.185500,1.156400,1.159400,1.159400,31757
2018-06-15,1.157500,1.162600,1.154400,1.160700,1.160700,4849
2018-06-17,null,null,null,null,null,null
2018-06-18,1.159200,1.162900,1.156500,1.160000,1.160000,11259
2018-06-19,1.170000,1.172500,1.161000,1.165300,1.165300,20225
2018-06-20,1.166400,1.167700,1.161300,1.166300,1.166300,14278
2018-06-21,1.164900,1.170900,1.158200,1.169800,1.169800,19922
2018-06-22,1.168000,1.175000,1.167500,1.173700,1.173700,20075
2018-06-24,null,null,null,null,null,null
2018-06-25,1.174000,1.178700,1.170300,1.177800,1.177800,15866
2018-06-26,1.177600,1.179400,1.170700,1.172300,1.172300,15212
2018-06-27,1.172100,1.174500,1.161100,1.162800,1.162800,14849
2018-06-28,1.162500,1.167000,1.159400,1.162400,1.162400,15859
2018-06-29,1.163100,1.175800,1.162500,1.173600,1.173600,21435
2018-07-01,null,null,null,null,null,null
2018-07-02,1.173500,1.174700,1.165600,1.167500,1.167500,12270
2018-07-03,null,null,null,null,null,null
2018-07-05,1.172300,1.178100,1.169400,1.174100,1.174100,16633
2018-07-06,1.175000,1.183000,1.174000,1.180500,1.180500,11656
2018-07-08,null,null,null,null,null,null
2018-07-09,1.181800,1.185100,1.179300,1.180900,1.180900,9369
2018-07-10,1.181000,1.182300,1.175000,1.180400,1.180400,10051
2018-07-11,1.179900,1.181600,1.172300,1.173000,1.173000,14761
2018-07-12,1.172900,1.175100,1.170400,1.172600,1.172600,9131
2018-07-13,1.172400,1.174100,1.166700,1.173100,1.173100,9501
2018-07-15,null,null,null,null,null,null
2018-07-16,1.174200,1.177900,1.172900,1.176700,1.176700,8043
2018-07-17,1.176600,1.179800,1.170100,1.171600,1.171600,10269
2018-07-18,1.171300,1.171700,1.165300,1.170000,1.170000,9928
2018-07-19,1.169400,1.172800,1.162300,1.169400,1.169400,16901
2018-07-20,1.169300,1.178800,1.167400,1.177300,1.177300,13344
2018-07-22,null,null,null,null,null,null
2018-07-23,1.177300,1.180100,1.173100,1.173700,1.173700,10006
2018-07-24,1.174000,1.176400,1.170200,1.173000,1.173000,10581
2018-07-25,1.172900,1.178500,1.170900,1.174600,1.174600,12314
2018-07-26,1.176900,1.178700,1.168300,1.168900,1.168900,13008
2018-07-27,1.168200,1.170700,1.166200,1.169900,1.169900,10801
2018-07-29,null,null,null,null,null,null
2018-07-30,1.169800,1.176100,1.168900,1.175100,1.175100,10140
2018-07-31,1.174800,1.178900,1.172500,1.173800,1.173800,14538
2018-08-01,1.172800,1.174000,1.169600,1.170300,1.170300,7610
2018-08-02,1.169900,1.170500,1.161900,1.162300,1.162300,9522
2018-08-03,1.162100,1.164600,1.159500,1.161400,1.161400,11749
2018-08-05,null,null,null,null,null,null
2018-08-06,1.160800,1.160800,1.156500,1.159100,1.159100,7746
2018-08-07,1.158700,1.164200,1.158500,1.162800,1.162800,7927
2018-08-08,1.163100,1.166200,1.160500,1.165200,1.165200,10506
2018-08-09,1.164700,1.165000,1.155500,1.157300,1.157300,10626
2018-08-10,1.155900,1.156600,1.141700,1.142900,1.142900,29899
2018-08-12,null,null,null,null,null,null
2018-08-13,1.141700,1.146200,1.139400,1.142300,1.142300,18099
2018-08-14,1.143200,1.145600,1.135700,1.136600,1.136600,13706
2018-08-15,1.137400,1.138200,1.132700,1.137200,1.137200,14379
2018-08-16,1.137000,1.143400,1.135900,1.138900,1.138900,15781
2018-08-17,1.139900,1.146900,1.139000,1.146700,1.146700,13252
2018-08-19,null,null,null,null,null,null
2018-08-20,1.146100,1.150800,1.141600,1.149000,1.149000,11418
2018-08-21,1.151100,1.162300,1.150700,1.159400,1.159400,18780
2018-08-22,1.159400,1.164400,1.157400,1.160900,1.160900,13618
2018-08-23,1.161700,1.161800,1.154900,1.155600,1.155600,14538
2018-08-24,1.156100,1.165900,1.155300,1.164300,1.164300,17845
2018-08-26,null,null,null,null,null,null
2018-08-27,1.164000,1.171100,1.161100,1.169600,1.169600,14785
2018-08-28,1.169500,1.175000,1.168000,1.171100,1.171100,13749
2018-08-29,1.170800,1.172700,1.166800,1.171400,1.171400,13069
2018-08-30,1.172200,1.173100,1.165200,1.167700,1.167700,13934
2018-08-31,1.167900,1.170300,1.159700,1.160900,1.160900,15780
2018-09-02,null,null,null,null,null,null
2018-09-04,1.161400,1.163900,1.154100,1.159100,1.159100,18428
2018-09-05,1.158900,1.165000,1.155300,1.163300,1.163300,18659
2018-09-06,1.164100,1.166700,1.161300,1.163400,1.163400,13993
2018-09-07,1.163100,1.165600,1.155700,1.157200,1.157200,17153
2018-09-09,null,null,null,null,null,null
2018-09-10,1.155800,1.162100,1.153100,1.160200,1.160200,10428
2018-09-11,1.160000,1.164800,1.157000,1.159000,1.159000,14466
2018-09-12,1.160600,1.165400,1.157400,1.163600,1.163600,16374
2018-09-13,1.162900,1.170300,1.161100,1.169300,1.169300,15911
2018-09-14,1.169200,1.172300,1.162100,1.163400,1.163400,3171
2018-09-16,null,null,null,null,null,null
2018-09-17,1.162500,1.169500,1.161300,1.169150,1.169150,10743
2018-09-18,1.176700,1.180600,1.173400,1.174900,1.174900,19396
2018-09-19,1.175300,1.179600,1.173100,1.175400,1.175400,18063
2018-09-20,1.175300,1.186400,1.174500,1.185500,1.185500,19600
2018-09-21,1.185600,1.188100,1.181100,1.182600,1.182600,17045
2018-09-23,null,null,null,null,null,null
2018-09-24,1.182500,1.189400,1.180200,1.183600,1.183600,15003
2018-09-25,1.182600,1.186900,1.180800,1.184300,1.184300,16046
2018-09-26,1.184300,1.187400,1.180000,1.183700,1.183700,19782
2018-09-27,1.181200,1.183000,1.171200,1.173100,1.173100,23362
2018-09-28,1.171200,1.172300,1.164100,1.168200,1.168200,18360
2018-09-30,null,null,null,null,null,null
2018-10-01,1.168100,1.169400,1.163300,1.164500,1.164500,13043
2018-10-02,1.164400,1.164900,1.157400,1.161300,1.161300,14929
2018-10-03,1.161600,1.166100,1.153200,1.158400,1.158400,19269
2018-10-04,1.154800,1.160600,1.152600,1.157900,1.157900,17574
2018-10-05,1.157900,1.161400,1.154700,1.158900,1.158900,18455
2018-10-07,null,null,null,null,null,null
2018-10-08,1.158800,1.159200,1.152200,1.155200,1.155200,10628
2018-10-09,1.155200,1.156600,1.149300,1.156000,1.156000,16959
2018-10-10,1.155500,1.160700,1.154100,1.158600,1.158600,14351
2018-10-11,1.158600,1.165800,1.158400,1.165300,1.165300,17999
2018-10-12,1.165000,1.166800,1.159300,1.162200,1.162200,14488
2018-10-14,null,null,null,null,null,null
2018-10-15,1.161100,1.166300,1.160000,1.164000,1.164000,9971
2018-10-16,1.163900,1.167800,1.162200,1.163400,1.163400,12649
2018-10-17,1.162700,1.163500,1.155000,1.156100,1.156100,14393
2018-10-18,1.155200,1.157900,1.150100,1.151700,1.151700,14762
2018-10-19,1.150500,1.158500,1.148400,1.156100,1.156100,15508
2018-10-21,null,null,null,null,null,null
2018-10-22,1.156300,1.160100,1.150600,1.151700,1.151700,11787
2018-10-23,1.151400,1.154200,1.148800,1.151700,1.151700,13696
2018-10-24,1.152000,1.152400,1.142600,1.143600,1.143600,15616
2018-10-25,1.144300,1.147800,1.140100,1.140800,1.140800,17196
2018-10-26,1.141900,1.146600,1.138000,1.145400,1.145400,15191
2018-10-28,null,null,null,null,null,null
2018-10-29,1.144400,1.146000,1.140500,1.143500,1.143500,17722
2018-10-30,1.141600,1.143100,1.138300,1.138500,1.138500,13519
2018-10-31,1.138500,1.140100,1.134300,1.135550,1.135550,17049
2018-11-01,1.135400,1.146200,1.135200,1.144700,1.144700,15474
2018-11-02,1.144500,1.149300,1.140900,1.142300,1.142300,18760
2018-11-04,null,null,null,null,null,null
2018-11-05,1.142600,1.146200,1.138900,1.145500,1.145500,10059
2018-11-06,1.144600,1.147400,1.142800,1.144900,1.144900,11106
2018-11-07,1.145700,1.154200,1.143000,1.149000,1.149000,22120
2018-11-08,1.146100,1.147900,1.138200,1.138800,1.138800,16111
2018-11-09,1.139700,1.140000,1.134700,1.136700,1.136700,12751
2018-11-11,null,null,null,null,null,null
2018-11-12,1.135300,1.136200,1.124500,1.127100,1.127100,15045
2018-11-13,1.125000,1.132300,1.125000,1.129800,1.129800,17957
2018-11-14,1.131800,1.137700,1.129100,1.136600,1.136600,22047
2018-11-15,1.133800,1.138800,1.129600,1.137700,1.137700,21679
2018-11-16,1.135000,1.144700,1.134700,1.143800,1.143800,15035
2018-11-18,null,null,null,null,null,null
2018-11-19,1.144000,1.148800,1.141900,1.147850,1.147850,10857
2018-11-20,1.147600,1.149400,1.138100,1.139100,1.139100,14285
2018-11-21,1.139100,1.144700,1.138800,1.141100,1.141100,15848
2018-11-23,null,null,null,null,null,null
2018-11-25,null,null,null,null,null,null
2018-11-26,1.135500,1.140200,1.134100,1.134700,1.134700,9247
2018-11-27,1.134800,1.136100,1.129500,1.131200,1.131200,13394
2018-11-28,1.130800,1.140600,1.128400,1.139200,1.139200,17125
2018-11-29,1.138300,1.141700,1.136100,1.140400,1.140400,14508
2018-11-30,1.140200,1.141400,1.131800,1.132200,1.132200,13869
2018-12-02,null,null,null,null,null,null
2018-12-03,1.133800,1.139200,1.133100,1.135400,1.135400,13781
2018-12-04,1.136600,1.143000,1.133000,1.135300,1.135300,17457
2018-12-06,1.135500,1.142000,1.132900,1.138100,1.138100,17557
2018-12-07,1.138600,1.143200,1.136700,1.142900,1.142900,16300
2018-12-09,null,null,null,null,null,null
2018-12-10,1.140300,1.144900,1.135600,1.135900,1.135900,14929
2018-12-11,1.135800,1.140500,1.131100,1.133200,1.133200,14433
2018-12-12,1.132400,1.139100,1.131900,1.137100,1.137100,14478
2018-12-13,1.137400,1.139500,1.133200,1.136800,1.136800,15007
2018-12-14,1.135700,1.136500,1.126900,1.130500,1.130500,4218
2018-12-16,null,null,null,null,null,null
2018-12-17,1.130500,1.135200,1.128900,1.134200,1.134200,6783
2018-12-18,1.143700,1.149200,1.142600,1.144600,1.144600,10606
2018-12-19,1.145900,1.153300,1.145600,1.146300,1.146300,16554
2018-12-20,1.146900,1.157600,1.146600,1.155800,1.155800,18529
2018-12-21,1.153600,1.155700,1.143900,1.145200,1.145200,15132
2018-12-23,null,null,null,null,null,null
2018-12-24,null,null,null,null,null,null
2018-12-26,1.149400,1.150300,1.142400,1.143300,1.143300,9127
2018-12-27,1.143700,1.153200,1.143500,1.152600,1.152600,17114
2018-12-28,1.150700,1.154800,1.150400,1.151600,1.151600,12579
2018-12-30,null,null,null,null,null,null
2018-12-31,1.151400,1.154000,1.149500,1.152200,1.152200,8957
2019-01-02,1.153700,1.157000,1.139600,1.141400,1.141400,18866
2019-01-03,1.141600,1.148000,1.137600,1.146100,1.146100,18948
2019-01-04,1.146300,1.148700,1.141300,1.146700,1.146700,17207
2019-01-06,null,null,null,null,null,null
2019-01-07,1.147200,1.155100,1.147200,1.154600,1.154600,12022
2019-01-08,1.154400,1.155100,1.148800,1.150800,1.150800,14590
2019-01-09,1.150800,1.162400,1.150300,1.160900,1.160900,21442
2019-01-10,1.161000,1.163200,1.154800,1.156200,1.156200,15943
2019-01-11,1.156200,1.160300,1.152000,1.152700,1.152700,15488
2019-01-13,null,null,null,null,null,null
2019-01-14,1.152700,1.154200,1.151100,1.152700,1.152700,12747
2019-01-15,1.152800,1.155000,1.144200,1.146100,1.146100,18811
2019-01-16,1.146700,1.148300,1.143600,1.145700,1.145700,11167
2019-01-17,1.145100,1.146100,1.142500,1.144500,1.144500,11118
2019-01-18,1.144400,1.146500,1.140800,1.142500,1.142500,10381
2019-01-20,null,null,null,null,null,null
2019-01-22,1.142000,1.144400,1.138800,1.141500,1.141500,12508
2019-01-23,1.141500,1.144600,1.140200,1.143500,1.143500,8917
2019-01-24,1.143000,1.144000,1.133800,1.134800,1.134800,23066
2019-01-25,1.135000,1.146500,1.134800,1.146200,1.146200,14627
2019-01-27,null,null,null,null,null,null
2019-01-28,1.145600,1.149200,1.143800,1.147600,1.147600,9609
2019-01-29,1.147400,1.149600,1.145700,1.147500,1.147500,9034
2019-01-30,1.148100,1.154800,1.145200,1.153700,1.153700,13665
2019-01-31,1.152400,1.155700,1.147800,1.148700,1.148700,15101
2019-02-01,1.149000,1.153100,1.147600,1.150100,1.150100,12211
2019-02-03,null,null,null,null,null,null
2019-02-04,1.149700,1.150100,1.146500,1.147200,1.147200,6086
2019-02-05,1.147600,1.148000,1.144000,1.144900,1.144900,9675
2019-02-06,1.144400,1.144700,1.139800,1.140200,1.140200,9377
2019-02-07,1.140200,1.140400,1.135900,1.138600,1.138600,9539
2019-02-08,1.137500,1.138400,1.135500,1.135700,1.135700,7328
2019-02-10,null,null,null,null,null,null
2019-02-11,1.135300,1.136300,1.130000,1.130900,1.130900,8838
2019-02-12,1.130800,1.137200,1.129000,1.136400,1.136400,10472
2019-02-13,1.136100,1.137400,1.129100,1.130100,1.130100,11054
2019-02-14,1.128600,1.133700,1.127700,1.132800,1.132800,12211
2019-02-15,1.132300,1.133300,1.126200,1.132200,1.132200,9859
2019-02-17,null,null,null,null,null,null
2019-02-19,1.132300,1.138300,1.130000,1.136500,1.136500,19006
2019-02-20,1.136300,1.139500,1.134900,1.137500,1.137500,11223
2019-02-21,1.136600,1.139000,1.134000,1.135800,1.135800,12508
2019-02-22,1.135600,1.137700,1.133600,1.135900,1.135900,8589
2019-02-24,null,null,null,null,null,null
2019-02-25,1.134500,1.138800,1.134400,1.138400,1.138400,8258
2019-02-26,1.137800,1.142100,1.136400,1.141500,1.141500,12703
2019-02-27,1.141100,1.142100,1.137500,1.138800,1.138800,9751
2019-02-28,1.138800,1.144000,1.137400,1.139300,1.139300,13936
2019-03-01,1.138900,1.142300,1.136700,1.137200,1.137200,11241
2019-03-03,null,null,null,null,null,null
2019-03-04,1.138900,1.139300,1.132100,1.134400,1.134400,9677
2019-03-05,1.134900,1.135100,1.130100,1.131500,1.131500,11216
2019-03-06,1.131400,1.133600,1.129500,1.131800,1.131800,10119
2019-03-07,1.131600,1.132800,1.118400,1.119100,1.119100,18920
2019-03-08,1.120100,1.125400,1.119300,1.125000,1.125000,11180
2019-03-10,null,null,null,null,null,null
2019-03-11,1.124300,1.126400,1.122800,1.124600,1.124600,8054
2019-03-12,1.125400,1.131000,1.125200,1.130200,1.130200,11945
2019-03-13,1.129500,1.134300,1.128200,1.133400,1.133400,9250
2019-03-14,1.133300,1.134000,1.129600,1.130200,1.130200,9134
2019-03-15,1.130400,1.134600,1.130200,1.132100,1.132100,2325
2019-03-17,null,null,null,null,null,null
2019-03-18,1.132400,1.135900,1.132100,1.134350,1.134350,6978
2019-03-19,1.142300,1.144900,1.142000,1.143800,1.143800,7555
2019-03-20,1.143600,1.153400,1.142000,1.153200,1.153200,13947
2019-03-21,1.150600,1.152000,1.142500,1.143600,1.143600,14898
2019-03-22,1.145800,1.147200,1.135500,1.137500,1.137500,21214
2019-03-24,null,null,null,null,null,null
2019-03-25,1.137800,1.141200,1.136900,1.139200,1.139200,8816
2019-03-26,1.139200,1.140700,1.134400,1.135800,1.135800,9132
2019-03-27,1.134800,1.136400,1.132000,1.134300,1.134300,13171
2019-03-28,1.132700,1.133500,1.128800,1.130100,1.130100,13217
2019-03-29,1.130100,1.132000,1.128300,1.128900,1.128900,12627
2019-03-31,null,null,null,null,null,null
2019-04-01,1.129800,1.132300,1.127500,1.128500,1.128500,10627
2019-04-02,1.127700,1.128800,1.125500,1.127000,1.127000,10409
2019-04-03,1.127000,1.132500,1.127000,1.131000,1.131000,11660
2019-04-04,1.130000,1.131600,1.127300,1.128800,1.128800,9441
2019-04-05,1.128900,1.131900,1.127700,1.128500,1.128500,9832
2019-04-07,null,null,null,null,null,null
2019-04-08,1.128300,1.134100,1.128100,1.132800,1.132800,10107
2019-04-09,1.132500,1.135100,1.132100,1.133200,1.133200,8910
2019-04-10,1.133100,1.135800,1.129400,1.133500,1.133500,14790
2019-04-11,1.134300,1.134900,1.131200,1.131700,1.131700,10725
2019-04-12,1.131800,1.138500,1.131700,1.135700,1.135700,15365
2019-04-14,null,null,null,null,null,null
2019-04-15,1.136400,1.138200,1.135800,1.136300,1.136300,10287
2019-04-16,1.136100,1.137400,1.133600,1.134700,1.134700,15438
2019-04-17,1.133900,1.137900,1.133400,1.135300,1.135300,13357
2019-04-18,1.135100,1.135800,1.127900,1.128300,1.128300,16133
2019-04-21,null,null,null,null,null,null
2019-04-22,1.129000,1.131600,1.128900,1.131200,1.131200,6117
2019-04-23,1.131000,1.131400,1.124400,1.126800,1.126800,14102
2019-04-24,1.127700,1.127700,1.119200,1.119300,1.119300,15084
2019-04-25,1.120400,1.121100,1.116500,1.117700,1.117700,16058
2019-04-26,1.118200,1.122200,1.115500,1.120100,1.120100,18209
2019-04-28,null,null,null,null,null,null
2019-04-29,1.119400,1.123500,1.119000,1.122900,1.122900,10210
2019-04-30,1.123000,1.127500,1.122000,1.126700,1.126700,16022
2019-05-01,1.126300,1.131100,1.123300,1.124100,1.124100,14879
2019-05-02,1.124200,1.126100,1.121200,1.121600,1.121600,12412
2019-05-03,1.121400,1.124800,1.117600,1.123500,1.123500,15179
2019-05-05,null,null,null,null,null,null
2019-05-06,1.123700,1.124900,1.121600,1.124400,1.124400,10762
2019-05-07,1.123500,1.125700,1.120500,1.122000,1.122000,12737
2019-05-08,1.123000,1.125300,1.121900,1.122900,1.122900,12463
2019-05-09,1.122900,1.128600,1.120700,1.125900,1.125900,12593
2019-05-10,1.125000,1.128800,1.125000,1.126500,1.126500,8073
2019-05-12,null,null,null,null,null,null
2019-05-13,1.126800,1.129600,1.125400,1.126400,1.126400,9558
2019-05-14,1.125800,1.127600,1.123200,1.123900,1.123900,9013
2019-05-15,1.124000,1.125500,1.120800,1.123500,1.123500,12396
2019-05-16,1.123400,1.125200,1.119400,1.119800,1.119800,8839
2019-05-17,1.120300,1.121200,1.118100,1.118700,1.118700,7347
2019-05-19,null,null,null,null,null,null
2019-05-20,1.118100,1.120100,1.117500,1.119400,1.119400,5692
2019-05-21,1.119300,1.121400,1.116700,1.118300,1.118300,9945
2019-05-22,1.118800,1.120400,1.117300,1.118400,1.118400,6751
2019-05-23,1.117500,1.120800,1.112700,1.120400,1.120400,12438
2019-05-24,1.120300,1.123300,1.119800,1.122600,1.122600,7757
2019-05-26,null,null,null,null,null,null
2019-05-28,1.122800,1.123600,1.117800,1.118400,1.118400,10337
2019-05-29,1.118200,1.119000,1.114200,1.115100,1.115100,9560
2019-05-30,1.115000,1.115800,1.113100,1.115000,1.115000,6045
2019-05-31,1.114300,1.119400,1.114000,1.118700,1.118700,11782
2019-06-02,null,null,null,null,null,null
2019-06-03,1.118200,1.127600,1.117400,1.127100,1.127100,11465
2019-06-04,1.125500,1.128900,1.123900,1.127100,1.127100,11312
2019-06-05,1.126400,1.131800,1.123100,1.123800,1.123800,12551
2019-06-06,1.123500,1.131700,1.120500,1.128100,1.128100,17654
2019-06-07,1.128200,1.135500,1.125900,1.134700,1.134700,13128
2019-06-09,null,null,null,null,null,null
2019-06-10,1.133800,1.133900,1.129700,1.132200,1.132200,6698
2019-06-11,1.132400,1.134300,1.130700,1.133800,1.133800,8672
2019-06-12,1.133300,1.134900,1.128700,1.129100,1.129100,12510
2019-06-13,1.129200,1.130600,1.127100,1.128100,1.128100,7507
2019-06-14,1.127700,1.129100,1.117200,1.120900,1.120900,3414
2019-06-16,null,null,null,null,null,null
2019-06-17,1.120900,1.124400,1.120000,1.123900,1.123900,6784
2019-06-18,1.130300,1.132400,1.125800,1.127500,1.127500,19406
2019-06-19,1.127400,1.133400,1.126700,1.132700,1.132700,17143
2019-06-20,1.130800,1.139400,1.130700,1.136900,1.136900,15521
2019-06-21,1.137100,1.145400,1.135900,1.144500,1.144500,16976
2019-06-23,null,null,null,null,null,null
2019-06-24,1.145200,1.148000,1.144600,1.147600,1.147600,10170
2019-06-25,1.147300,1.148600,1.141800,1.144800,1.144800,15847
2019-06-26,1.144200,1.146500,1.142200,1.144300,1.144300,11001
2019-06-27,1.144300,1.145200,1.141800,1.144300,1.144300,8778
2019-06-28,1.143800,1.146400,1.142100,1.144700,1.144700,9876
2019-06-30,null,null,null,null,null,null
2019-07-01,1.144700,1.144700,1.135000,1.135400,1.135400,17135
2019-07-02,1.135500,1.138900,1.134200,1.135800,1.135800,12709
2019-07-03,null,null,null,null,null,null
2019-07-05,1.134500,1.135900,1.127200,1.128600,1.128600,13456
2019-07-07,null,null,null,null,null,null
2019-07-08,1.129200,1.129700,1.126900,1.127600,1.127600,6134
2019-07-09,1.127700,1.128100,1.125600,1.127000,1.127000,5829
2019-07-10,1.126900,1.132400,1.126300,1.131300,1.131300,11428
2019-07-11,1.131300,1.134400,1.130400,1.131600,1.131600,11822
2019-07-12,1.131100,1.133400,1.129600,1.132900,1.132900,9207
2019-07-14,null,null,null,null,null,null
2019-07-15,1.132700,1.134000,1.130900,1.131600,1.131600,6551
2019-07-16,1.131800,1.131900,1.125700,1.126200,1.126200,10481
2019-07-17,1.126600,1.128800,1.125300,1.127700,1.127700,6386
2019-07-18,1.128100,1.133100,1.125700,1.132000,1.132000,12237
2019-07-19,1.133200,1.133200,1.125300,1.127100,1.127100,10921
2019-07-21,null,null,null,null,null,null
2019-07-22,1.127000,1.127500,1.125600,1.126100,1.126100,6038
2019-07-23,1.125700,1.125800,1.119400,1.119900,1.119900,9816
2019-07-24,1.120000,1.120400,1.117200,1.118400,1.118400,9409
2019-07-25,1.118900,1.123300,1.114500,1.119000,1.119000,19257
2019-07-26,1.119000,1.119400,1.115600,1.117000,1.117000,8312
2019-07-28,null,null,null,null,null,null
2019-07-29,1.117000,1.119400,1.115600,1.119000,1.119000,6464
2019-07-30,1.118900,1.120300,1.117500,1.119900,1.119900,6440
2019-07-31,1.119900,1.120300,1.110200,1.112800,1.112800,13189
2019-08-01,1.111400,1.113400,1.106500,1.112300,1.112300,13545
2019-08-02,1.112100,1.115400,1.110700,1.114900,1.114900,10895
2019-08-04,null,null,null,null,null,null
2019-08-05,1.115100,1.124900,1.114100,1.123900,1.123900,13016
2019-08-06,1.124800,1.128500,1.120000,1.123600,1.123600,11640
2019-08-07,1.123800,1.127600,1.121300,1.124900,1.124900,12015
2019-08-08,1.123500,1.126400,1.120600,1.121800,1.121800,13134
2019-08-09,1.122200,1.125400,1.121400,1.123800,1.123800,6800
2019-08-11,null,null,null,null,null,null
2019-08-12,1.123100,1.126100,1.119200,1.125200,1.125200,8465
2019-08-13,1.124600,1.125900,1.119900,1.120500,1.120500,12030
2019-08-14,1.120100,1.122000,1.115900,1.116800,1.116800,10637
2019-08-15,1.116900,1.118400,1.111700,1.113300,1.113300,11366
2019-08-16,1.113200,1.113700,1.109100,1.112300,1.112300,8591
2019-08-18,null,null,null,null,null,null
2019-08-19,1.112300,1.113700,1.109900,1.110600,1.110600,6454
2019-08-20,1.110400,1.113000,1.108700,1.112000,1.112000,6561
2019-08-21,1.112100,1.112800,1.110100,1.110800,1.110800,4926
2019-08-22,1.110900,1.113400,1.108200,1.110500,1.110500,11254
2019-08-23,1.110000,1.117200,1.106600,1.116500,1.116500,13978
2019-08-25,null,null,null,null,null,null
2019-08-26,1.116800,1.118200,1.111300,1.111600,1.111600,6340
2019-08-27,1.111800,1.113300,1.110300,1.111000,1.111000,5504
2019-08-28,1.110800,1.111400,1.109000,1.109600,1.109600,5406
2019-08-29,1.109500,1.110600,1.105500,1.106500,1.106500,9303
2019-08-30,1.106900,1.107300,1.097500,1.099000,1.099000,11397
2019-09-01,null,null,null,null,null,null
2019-09-03,1.100300,1.100800,1.093600,1.097800,1.097800,14657
2019-09-04,1.098100,1.104800,1.097800,1.104200,1.104200,8112
2019-09-05,1.104400,1.109400,1.102300,1.104300,1.104300,8691
2019-09-06,1.104400,1.106300,1.102700,1.103700,1.103700,6947
2019-09-08,null,null,null,null,null,null
2019-09-09,1.103400,1.107400,1.102000,1.105800,1.105800,6821
2019-09-10,1.105500,1.106500,1.103500,1.105200,1.105200,5925
2019-09-11,1.105200,1.106000,1.098800,1.101200,1.101200,10586
2019-09-12,1.101000,1.109000,1.092700,1.107600,1.107600,19710
2019-09-13,1.106700,1.111000,1.105400,1.106900,1.106900,2817
2019-09-15,null,null,null,null,null,null
2019-09-16,1.107000,1.110000,1.100700,1.100750,1.100750,9454
2019-09-17,1.107700,1.114800,1.106600,1.114000,1.114000,9283
2019-09-18,1.114500,1.114800,1.108600,1.110400,1.110400,9124
2019-09-19,1.110400,1.114400,1.109300,1.112400,1.112400,7049
2019-09-20,1.111000,1.113700,1.106300,1.108200,1.108200,9345
2019-09-22,1.108700,1.108700,1.108100,1.108400,1.108400,3460
2019-09-23,1.108700,1.109100,1.103200,1.106300,1.106300,6342
2019-09-24,1.106000,1.109300,1.104900,1.108600,1.108600,7572
2019-09-25,1.108700,1.108800,1.100400,1.100800,1.100800,9179
2019-09-26,1.100800,1.103100,1.097200,1.099200,1.099200,11122
2019-09-27,1.098100,1.102000,1.096500,1.100100,1.100100,7965
2019-09-29,1.100000,1.100600,1.100000,1.100200,1.100200,3381
2019-09-30,1.100000,1.100800,1.094500,1.096300,1.096300,8213
2019-10-01,1.096000,1.100300,1.093800,1.099600,1.099600,10705
2019-10-02,1.099000,1.102200,1.096200,1.101700,1.101700,6943
2019-10-03,1.101800,1.105400,1.099600,1.102900,1.102900,9983
2019-10-04,1.102400,1.105500,1.101200,1.103700,1.103700,6627
2019-10-06,1.103400,1.103700,1.103200,1.103700,1.103700,2444
2019-10-07,1.103400,1.105400,1.101100,1.102600,1.102600,5697
2019-10-08,1.102300,1.104700,1.099200,1.100800,1.100800,8504
2019-10-09,1.100400,1.105000,1.100400,1.102500,1.102500,6529
2019-10-10,1.102000,1.108300,1.102000,1.105600,1.105600,12164
2019-10-11,1.105700,1.111600,1.104400,1.109000,1.109000,11679
2019-10-13,1.108500,1.108500,1.107300,1.107600,1.107600,5396
2019-10-14,1.108500,1.108900,1.105900,1.107700,1.107700,4355
2019-10-15,1.107300,1.109200,1.103600,1.108100,1.108100,11523
2019-10-16,1.107900,1.113100,1.106700,1.111900,1.111900,11752
2019-10-17,1.111700,1.118400,1.110800,1.116700,1.116700,9929
2019-10-18,1.117000,1.121500,1.115700,1.120400,1.120400,7881
2019-10-20,1.119900,1.120200,1.119300,1.119500,1.119500,14417
2019-10-21,1.119900,1.122100,1.118100,1.118800,1.118800,5661
2019-10-22,1.119300,1.119800,1.115900,1.116500,1.116500,7417
2019-10-23,1.116600,1.118000,1.114700,1.116900,1.116900,4739
2019-10-24,1.117000,1.120000,1.113000,1.114700,1.114700,10056
2019-10-25,1.113600,1.116000,1.111000,1.111800,1.111800,6204
2019-10-27,1.111600,1.112000,1.111400,1.111900,1.111900,1631
2019-10-28,1.111600,1.114300,1.111200,1.113400,1.113400,4666
2019-10-29,1.113500,1.115300,1.110900,1.114600,1.114600,6784
2019-10-30,1.114800,1.118500,1.111300,1.116000,1.116000,8669
2019-10-31,1.118400,1.120700,1.116300,1.117700,1.117700,8683
2019-11-01,1.118200,1.120300,1.115900,1.119500,1.119500,7952
2019-11-03,1.119800,1.119800,1.119400,1.119700,1.119700,673
2019-11-04,1.119800,1.120600,1.115200,1.115800,1.115800,6214
2019-11-05,1.115200,1.116900,1.109100,1.109400,1.109400,7976
2019-11-06,1.110300,1.112100,1.109000,1.109700,1.109700,5627
2019-11-07,1.109400,1.111800,1.106100,1.107300,1.107300,9701
2019-11-08,1.107400,1.108100,1.104200,1.104900,1.104900,5924
2019-11-10,1.105000,1.105000,1.104400,1.104700,1.104700,1485
2019-11-11,1.105000,1.106800,1.104100,1.105800,1.105800,4084
2019-11-12,1.105700,1.106300,1.102500,1.103500,1.103500,6385
2019-11-13,1.103400,1.104300,1.101800,1.102500,1.102500,6409
2019-11-14,1.102900,1.104900,1.101000,1.104300,1.104300,7314
2019-11-15,1.104200,1.107700,1.103400,1.107300,1.107300,6408
2019-11-17,1.107100,1.107300,1.107000,1.107200,1.107200,1102
2019-11-18,1.107100,1.111000,1.107000,1.109400,1.109400,6397
2019-11-19,1.109200,1.110500,1.108200,1.109700,1.109700,6028
2019-11-20,1.109500,1.109900,1.107000,1.108700,1.108700,6679
2019-11-21,1.109200,1.111400,1.106700,1.107500,1.107500,6862
2019-11-22,1.107800,1.110300,1.102900,1.103600,1.103600,8140
2019-11-24,1.103400,1.104000,1.103400,1.103600,1.103600,2601
2019-11-25,1.103400,1.104600,1.101700,1.102400,1.102400,6452
2019-11-26,1.102500,1.103800,1.101900,1.103500,1.103500,5150
2019-11-27,1.103500,1.103600,1.100400,1.101800,1.101800,6858
2019-11-29,null,null,null,null,null,null
2019-12-01,1.103200,1.103200,1.102600,1.102800,1.102800,3830
2019-12-02,1.103200,1.110100,1.101200,1.108900,1.108900,10223
2019-12-03,1.108600,1.110300,1.107500,1.109000,1.109000,6542
2019-12-04,1.108900,1.112500,1.107400,1.108300,1.108300,8419
2019-12-05,1.108600,1.111400,1.108500,1.110600,1.110600,6098
2019-12-06,1.111100,1.111600,1.104500,1.106100,1.106100,8002
2019-12-08,1.106300,1.106400,1.106200,1.106400,1.106400,951
2019-12-09,1.106300,1.108300,1.105800,1.106900,1.106900,5300
2019-12-10,1.106900,1.110100,1.106700,1.110100,1.110100,5909
2019-12-11,1.109600,1.114800,1.107400,1.114200,1.114200,9673
2019-12-12,1.113600,1.115500,1.110400,1.111500,1.111500,8454
2019-12-13,1.116800,1.119700,1.111000,1.112200,1.112200,3200
2019-12-15,1.112800,1.119800,1.112600,1.119300,1.119300,2639
2019-12-16,1.112800,1.118000,1.112300,1.115300,1.115300,5471
2019-12-17,1.120900,1.124400,1.119800,1.121600,1.121600,7294
2019-12-18,1.122100,1.122200,1.117800,1.118300,1.118300,6635
2019-12-19,1.118100,1.120900,1.117300,1.118850,1.118850,6303
2019-12-20,1.118600,1.118900,1.113100,1.114000,1.114000,6290
2019-12-22,1.114400,1.114500,1.113900,1.114000,1.114000,1538
2019-12-23,1.114400,1.115900,1.113300,1.115700,1.115700,4267
2019-12-24,null,null,null,null,null,null
2019-12-26,1.115500,1.117200,1.114400,1.116600,1.116600,2639
2019-12-27,1.116000,1.124600,1.116000,1.124500,1.124500,8050
2019-12-29,1.123500,1.123800,1.123400,1.123800,1.123800,1664
2019-12-30,1.123500,1.127600,1.123400,1.125700,1.125700,6845
2019-12-31,1.125600,1.129300,1.125100,1.128200,1.128200,4436
2020-01-02,1.126800,1.127600,1.121300,1.121700,1.121700,8693
2020-01-03,1.122100,1.122900,1.117300,1.121700,1.121700,8847
2020-01-05,1.120900,1.121700,1.120900,1.121100,1.121100,6342
2020-01-06,1.120900,1.125500,1.120600,1.124100,1.124100,6757
2020-01-07,1.124600,1.124700,1.118000,1.119300,1.119300,8587
2020-01-08,1.119300,1.121600,1.114800,1.115800,1.115800,10598
2020-01-09,1.115300,1.116600,1.113700,1.115200,1.115200,6150
2020-01-10,1.115100,1.117300,1.112900,1.116600,1.116600,7136
2020-01-12,1.116100,1.116200,1.115900,1.116000,1.116000,2429
2020-01-13,1.116100,1.119000,1.115700,1.118200,1.118200,5560
2020-01-14,1.117900,1.118700,1.114700,1.117100,1.117100,6234
2020-01-15,1.117000,1.120600,1.116000,1.119300,1.119300,6697
2020-01-16,1.119200,1.121200,1.116600,1.117400,1.117400,7018
2020-01-17,1.117500,1.118500,1.112500,1.113300,1.113300,7944
2020-01-19,1.112800,1.113400,1.112600,1.113300,1.113300,4303
2020-01-21,1.112800,1.115600,1.111500,1.113300,1.113300,11997
2020-01-22,1.111800,1.113500,1.110500,1.113000,1.113000,8930
2020-01-23,1.113000,1.114500,1.107000,1.108900,1.108900,10317
2020-01-24,1.108900,1.109900,1.105200,1.106400,1.106400,6881
2020-01-26,1.106100,1.106700,1.105800,1.106000,1.106000,6597
2020-01-27,1.106100,1.107000,1.104200,1.104900,1.104900,5721
2020-01-28,1.104900,1.105800,1.103000,1.104900,1.104900,5335
2020-01-29,1.105400,1.106000,1.102400,1.105100,1.105100,6491
2020-01-30,1.104200,1.106800,1.103700,1.105900,1.105900,6169
2020-01-31,1.106200,1.112500,1.104600,1.111900,1.111900,11035
2020-02-02,1.111600,1.112000,1.111400,1.111800,1.111800,5467
2020-02-03,1.111600,1.112000,1.106000,1.109300,1.109300,6671
2020-02-04,1.108900,1.109200,1.106000,1.107000,1.107000,4436
2020-02-05,1.107300,1.107700,1.102000,1.102300,1.102300,7761
2020-02-06,1.102500,1.103800,1.098900,1.100200,1.100200,7112
2020-02-07,1.100600,1.100900,1.096600,1.097000,1.097000,8788
2020-02-09,1.096800,1.097400,1.096600,1.097300,1.097300,6798
2020-02-10,1.096800,1.098100,1.093100,1.093800,1.093800,6264
2020-02-11,1.093500,1.094800,1.091400,1.094500,1.094500,7182
2020-02-12,1.093900,1.094700,1.088700,1.088900,1.088900,9655
2020-02-13,1.089200,1.090800,1.085300,1.086300,1.086300,9248
2020-02-14,1.085900,1.088100,1.084600,1.085900,1.085900,6698
2020-02-16,1.085600,1.086000,1.085300,1.086000,1.086000,1812
2020-02-18,1.085600,1.086900,1.080300,1.081200,1.081200,14657
2020-02-19,1.081100,1.083000,1.079800,1.081400,1.081400,7653
2020-02-20,1.082300,1.083700,1.079400,1.080500,1.080500,11212
2020-02-21,1.080000,1.087800,1.080000,1.087200,1.087200,13043
2020-02-23,1.084500,1.085600,1.084300,1.085200,1.085200,26278
2020-02-24,1.084500,1.088600,1.082000,1.085700,1.085700,11968
2020-02-25,1.086500,1.090400,1.084300,1.089400,1.089400,10366
2020-02-26,1.089100,1.092200,1.086800,1.091200,1.091200,12886
2020-02-27,1.089400,1.101700,1.089000,1.099800,1.099800,15552
2020-02-28,1.101400,1.106400,1.096100,1.104000,1.104000,22359
2020-03-01,1.105900,1.108600,1.104000,1.106000,1.106000,26622
2020-03-02,1.105900,1.119400,1.104000,1.117300,1.117300,24975
2020-03-03,1.115300,1.122200,1.110500,1.118700,1.118700,28392
2020-03-04,1.118100,1.119400,1.110200,1.114600,1.114600,15149
2020-03-05,1.114000,1.125300,1.112500,1.120700,1.120700,14219
2020-03-06,1.123900,1.136400,1.121700,1.132200,1.132200,25338
2020-03-08,1.132200,1.140300,1.132200,1.139200,1.139200,105861
2020-03-09,1.132200,1.150200,1.132200,1.146600,1.146600,44839
2020-03-10,1.145000,1.146200,1.127800,1.130000,1.130000,30329
2020-03-11,1.129500,1.136900,1.126100,1.128400,1.128400,18509
2020-03-12,1.126600,1.133500,1.105600,1.117800,1.117800,40472
2020-03-13,1.117200,1.122100,1.102700,1.107300,1.107300,3175
2020-03-15,1.119800,1.127100,1.113300,1.121700,1.121700,81918
2020-03-16,1.118900,1.123900,1.110900,1.113550,1.113550,30504
2020-03-17,1.124000,1.124300,1.100300,1.105000,1.105000,30112
2020-03-18,1.104300,1.109400,1.085100,1.092700,1.092700,33654
2020-03-19,1.095100,1.103400,1.070600,1.071900,1.071900,53883
2020-03-20,1.074700,1.087100,1.067400,1.069150,1.069150,48616
2020-03-22,1.072400,1.074000,1.067000,1.072900,1.072900,178060
2020-03-23,1.072400,1.087200,1.067000,1.077200,1.077200,47435
2020-03-24,1.077200,1.093100,1.077000,1.080000,1.080000,42943
2020-03-25,1.082100,1.093400,1.080000,1.090900,1.090900,30548
2020-03-26,1.091800,1.109500,1.091000,1.108000,1.108000,33304
2020-03-27,1.106800,1.118700,1.099200,1.115700,1.115700,34554
2020-03-29,1.117000,1.118100,1.114400,1.118000,1.118000,92396
2020-03-30,1.117000,1.118300,1.104600,1.106400,1.106400,27532
2020-03-31,1.106100,1.108700,1.095900,1.105000,1.105000,34521
2020-04-01,1.106200,1.107000,1.093100,1.095700,1.095700,23986
2020-04-02,1.098000,1.099100,1.084400,1.087300,1.087300,30033
2020-04-03,1.088000,1.088200,1.079500,1.083400,1.083400,21430
2020-04-05,null,null,null,null,null,null
2020-04-06,1.083300,1.085800,1.079000,1.082100,1.082100,21473
2020-04-07,1.081800,1.095200,1.080700,1.092800,1.092800,24458
2020-04-08,1.091300,1.092500,1.085200,1.088300,1.088300,17190
2020-04-09,1.088000,1.097200,1.086100,1.095600,1.095600,21324
2020-04-12,1.096900,1.096900,1.095000,1.095000,1.095000,47661
2020-04-13,1.096900,1.098600,1.091100,1.094300,1.094300,13303
2020-04-14,1.092600,1.100500,1.092600,1.100000,1.100000,17033
2020-04-15,1.100000,1.100800,1.087200,1.093900,1.093900,18762
2020-04-16,1.092700,1.092900,1.083300,1.086200,1.086200,20971
2020-04-17,1.087500,1.090900,1.082700,1.088400,1.088400,19732
2020-04-19,1.088300,1.088700,1.088000,1.088300,1.088300,21155
2020-04-20,1.089000,1.091200,1.085400,1.087700,1.087700,15994
2020-04-21,1.088500,1.089500,1.083000,1.086650,1.086650,16665
2020-04-22,1.087200,1.090000,1.081600,1.083300,1.083300,14855
2020-04-23,1.083500,1.086000,1.076800,1.079800,1.079800,26411
2020-04-24,1.079000,1.084200,1.073900,1.081100,1.081100,20823
2020-04-26,1.083300,1.083300,1.082700,1.082900,1.082900,29700
2020-04-27,1.083300,1.087200,1.082200,1.084400,1.084400,14581
2020-04-28,1.084200,1.090000,1.082000,1.084700,1.084700,17676
2020-04-29,1.083200,1.089500,1.083000,1.088100,1.088100,16306
2020-04-30,1.088600,1.098200,1.084200,1.096200,1.096200,28974
2020-05-01,1.096300,1.102900,1.094300,1.098700,1.098700,13875
2020-05-03,1.098400,1.098400,1.096100,1.097200,1.097200,56368
2020-05-04,1.098400,1.098400,1.090300,1.091500,1.091500,16288
2020-05-05,1.091200,1.093500,1.083400,1.086000,1.086000,27671
2020-05-06,1.084800,1.085300,1.079000,1.081300,1.081300,16738
2020-05-07,1.080700,1.084200,1.077500,1.083500,1.083500,16772
2020-05-08,1.084200,1.088400,1.082200,1.085000,1.085000,16541
2020-05-10,1.084200,1.084500,1.083500,1.084200,1.084200,19562
2020-05-11,1.084200,1.085700,1.080800,1.081700,1.081700,13034
2020-05-12,1.081100,1.089200,1.079100,1.086100,1.086100,17223
2020-05-13,1.085500,1.090400,1.081800,1.082200,1.082200,17670
2020-05-14,1.082600,1.083100,1.078000,1.078900,1.078900,16049
2020-05-15,1.081000,1.085700,1.079400,1.082000,1.082000,16172
2020-05-17,1.082100,1.082900,1.082100,1.082400,1.082400,20522
2020-05-18,1.082100,1.093300,1.080500,1.092000,1.092000,20400
2020-05-19,1.090700,1.098200,1.090700,1.095200,1.095200,17383
2020-05-20,1.092400,1.100400,1.092300,1.099200,1.099200,15197
2020-05-21,1.098500,1.101400,1.094200,1.096100,1.096100,20418
2020-05-22,1.095400,1.095900,1.089000,1.089200,1.089200,14817
2020-05-24,1.090800,1.091400,1.090700,1.091300,1.091300,13957
2020-05-26,1.090300,1.100000,1.087500,1.099800,1.099800,27231
2020-05-27,1.098000,1.103500,1.093800,1.099500,1.099500,30053
2020-05-28,1.101100,1.109800,1.099500,1.109300,1.109300,24869
2020-05-29,1.108300,1.114800,1.107300,1.110100,1.110100,27324
2020-05-31,1.111900,1.112300,1.111800,1.111900,1.111900,15993
2020-06-01,1.111800,1.115700,1.110400,1.113600,1.113600,15891
2020-06-02,1.113700,1.120000,1.111800,1.117500,1.117500,19231
2020-06-03,1.117300,1.126100,1.116900,1.124100,1.124100,25690
2020-06-04,1.124000,1.136500,1.119700,1.135200,1.135200,38396
2020-06-05,1.134100,1.138600,1.128100,1.129600,1.129600,27149
2020-06-07,1.129500,1.131900,1.129500,1.131900,1.131900,41241
2020-06-08,1.129500,1.132100,1.127000,1.130600,1.130600,19629
2020-06-09,1.129600,1.136600,1.124200,1.134700,1.134700,26122
2020-06-10,1.133400,1.142300,1.132200,1.139400,1.139400,27067
2020-06-11,1.137900,1.140400,1.128900,1.130100,1.130100,35121
2020-06-12,1.129700,1.134200,1.121500,1.123100,1.123100,4349
2020-06-14,1.127000,1.128200,1.123500,1.127700,1.127700,64615
2020-06-15,1.124500,1.127600,1.122400,1.127600,1.127600,22229
2020-06-16,1.135200,1.137700,1.125000,1.129600,1.129600,28332
2020-06-17,1.128600,1.131700,1.123000,1.125400,1.125400,23097
2020-06-18,1.126400,1.128400,1.120800,1.123100,1.123100,24340
2020-06-19,1.123000,1.127700,1.118900,1.120800,1.120800,28836
2020-06-21,1.120200,1.120600,1.119000,1.119500,1.119500,48295
2020-06-22,1.120200,1.129200,1.119000,1.128200,1.128200,19911
2020-06-23,1.128600,1.137100,1.125500,1.133300,1.133300,23832
2020-06-24,1.133100,1.134700,1.126900,1.128000,1.128000,25069
2020-06-25,1.127400,1.127900,1.121000,1.123600,1.123600,20703
2020-06-26,1.123500,1.125900,1.121400,1.124700,1.124700,17412
2020-06-28,1.124200,1.124600,1.123500,1.124600,1.124600,25352
2020-06-29,1.124200,1.130700,1.123500,1.125400,1.125400,20430
2020-06-30,1.126200,1.128100,1.120800,1.125400,1.125400,23711
2020-07-01,1.125100,1.129400,1.120200,1.126400,1.126400,20227
2020-07-02,1.127000,1.132000,1.124100,1.124600,1.124600,19987
2020-07-05,1.126300,1.126800,1.126100,1.126500,1.126500,17801
2020-07-06,1.126300,1.136400,1.126100,1.133400,1.133400,34102
2020-07-07,1.133100,1.135000,1.127600,1.130400,1.130400,25064
2020-07-08,1.128900,1.136800,1.128000,1.135300,1.135300,21913
2020-07-09,1.135300,1.138700,1.129700,1.131300,1.131300,26977
2020-07-10,1.130200,1.134200,1.127100,1.131600,1.131600,18690
2020-07-12,1.132100,1.133400,1.132100,1.132700,1.132700,39293
2020-07-13,1.132100,1.139200,1.131700,1.137000,1.137000,22246
2020-07-14,1.136500,1.142400,1.134200,1.141000,1.141000,23228
2020-07-15,1.141500,1.146800,1.140700,1.142200,1.142200,22621
2020-07-16,1.142500,1.145600,1.138400,1.139300,1.139300,22596
2020-07-17,1.139800,1.145900,1.139200,1.145200,1.145200,17254
2020-07-19,1.143500,1.145800,1.143400,1.145700,1.145700,94116
2020-07-20,1.143500,1.148200,1.141600,1.145600,1.145600,27704
2020-07-21,1.146000,1.155400,1.143800,1.154500,1.154500,33560
2020-07-22,1.154400,1.161600,1.152100,1.158300,1.158300,32920
2020-07-23,1.158500,1.163900,1.155400,1.162200,1.162200,28169
2020-07-24,1.161200,1.167200,1.159500,1.165000,1.165000,26625
2020-07-26,1.166000,1.166800,1.165500,1.166600,1.166600,86498
2020-07-27,1.166000,1.179400,1.165500,1.176400,1.176400,39374
2020-07-28,1.176600,1.178600,1.171100,1.173600,1.173600,31349
2020-07-29,1.173000,1.181900,1.172600,1.177800,1.177800,33431
2020-07-30,1.180000,1.186100,1.174200,1.184800,1.184800,35333
2020-07-31,1.185500,1.192000,1.177300,1.180000,1.180000,44481
2020-08-02,1.178600,1.180700,1.178500,1.178900,1.178900,71844
2020-08-03,1.178600,1.180700,1.170600,1.177100,1.177100,29904
2020-08-04,1.177200,1.181600,1.173200,1.179200,1.179200,27118
2020-08-05,1.180900,1.191500,1.180300,1.187100,1.187100,30832
2020-08-06,1.187400,1.192600,1.182600,1.188400,1.188400,30832
2020-08-07,1.188800,1.189300,1.176400,1.179100,1.179100,37535
2020-08-09,1.179300,1.179800,1.178100,1.179000,1.179000,52136
2020-08-10,1.179300,1.181000,1.174400,1.175300,1.175300,24114
2020-08-11,1.174700,1.181700,1.173000,1.175400,1.175400,32964
2020-08-12,1.174900,1.182600,1.171900,1.179300,1.179300,26589
2020-08-13,1.179400,1.187200,1.179200,1.180700,1.180700,26283
2020-08-14,1.181900,1.185800,1.178800,1.184500,1.184500,20788
2020-08-16,1.184800,1.185800,1.184700,1.185800,1.185800,24461
2020-08-17,1.184800,1.188800,1.183600,1.187300,1.187300,17913
2020-08-18,1.187700,1.197300,1.187500,1.194500,1.194500,28309
2020-08-19,1.194000,1.195900,1.183600,1.186200,1.186200,32100
2020-08-20,1.184800,1.187500,1.180800,1.185800,1.185800,29075
2020-08-21,1.186800,1.188800,1.175900,1.179400,1.179400,33991
2020-08-23,1.179800,1.181200,1.179800,1.180800,1.180800,38293
2020-08-24,1.179800,1.185500,1.178900,1.179800,1.179800,22556
2020-08-25,1.179500,1.184900,1.178900,1.183800,1.183800,24338
2020-08-26,1.182400,1.184400,1.177600,1.184400,1.184400,13110840
2020-08-27,1.183300,1.190600,1.176600,1.182800,1.182800,56703
2020-08-28,1.182100,1.192400,1.181500,1.189500,1.189500,40157
2020-08-30,1.191000,1.192000,1.190500,1.192000,1.192000,54540
2020-08-31,1.191000,1.197000,1.188800,1.194000,1.194000,31642
2020-09-01,1.194000,1.201500,1.190400,1.191300,1.191300,41798
2020-09-02,1.191800,1.193200,1.182500,1.182800,1.182800,37183
2020-09-03,1.185400,1.186700,1.179100,1.185900,1.185900,34549
2020-09-04,1.185300,1.186800,1.178200,1.185300,1.185300,31004
2020-09-06,null,null,null,null,null,null
2020-09-08,1.183900,1.185100,1.176700,1.178300,1.178300,40579
2020-09-09,1.177500,1.183600,1.175400,1.180900,1.180900,29679
2020-09-10,1.180500,1.191800,1.180200,1.182600,1.182600,48270
2020-09-11,1.181900,1.187400,1.181800,1.183100,1.183100,4662
2020-09-13,null,null,null,null,null,null
2020-09-14,1.184300,1.188600,1.183500,1.188200,1.188200,16860
2020-09-15,1.189200,1.192300,1.186200,1.187700,1.187700,23757
2020-09-16,1.187000,1.190600,1.181100,1.182100,1.182100,38724
2020-09-17,1.183900,1.187400,1.175900,1.186100,1.186100,38265
2020-09-18,1.186600,1.189200,1.184800,1.187400,1.187400,21132
2020-09-20,null,null,null,null,null,null
2020-09-21,1.186700,1.189300,1.175200,1.177600,1.177600,33727
2020-09-22,1.179100,1.179300,1.171100,1.172600,1.172600,32459
2020-09-23,1.173000,1.173900,1.167000,1.167800,1.167800,33798
2020-09-24,1.167600,1.170700,1.164600,1.168600,1.168600,29442
2020-09-25,1.169000,1.170300,1.163200,1.164200,1.164200,22874
2020-09-27,null,null,null,null,null,null
2020-09-28,1.164800,1.169900,1.163400,1.168300,1.168300,21963
2020-09-29,1.168000,1.176400,1.168000,1.175600,1.175600,26817
2020-09-30,1.176000,1.177300,1.170300,1.173600,1.173600,31592
2020-10-01,1.174000,1.178800,1.173500,1.176400,1.176400,25506
2020-10-02,1.176400,1.176500,1.171300,1.173000,1.173000,25815
2020-10-04,null,null,null,null,null,null
2020-10-05,1.173100,1.181400,1.172600,1.179300,1.179300,18092
2020-10-06,1.179500,1.182400,1.174800,1.177000,1.177000,23634
2020-10-07,1.175000,1.179900,1.174100,1.178400,1.178400,16748
2020-10-08,1.178100,1.179700,1.174800,1.177300,1.177300,16254
2020-10-09,1.177600,1.184800,1.177400,1.184100,1.184100,20667
2020-10-11,null,null,null,null,null,null
2020-10-12,1.183200,1.184200,1.180200,1.182500,1.182500,18658
2020-10-13,1.182900,1.183000,1.174600,1.176000,1.176000,18698
2020-10-14,1.175900,1.178700,1.173400,1.176600,1.176600,17873
2020-10-15,1.176500,1.177200,1.170200,1.171200,1.171200,20435
2020-10-16,1.172400,1.176100,1.170800,1.173300,1.173300,18786
2020-10-18,null,null,null,null,null,null
2020-10-19,1.173500,1.180800,1.171600,1.178200,1.178200,25178
2020-10-20,1.178100,1.185500,1.177300,1.184000,1.184000,22446
2020-10-21,1.183400,1.189400,1.183400,1.187500,1.187500,21535
2020-10-22,1.187600,1.188000,1.182400,1.183100,1.183100,18394
2020-10-23,1.183400,1.187700,1.179900,1.187200,1.187200,20093
2020-10-25,null,null,null,null,null,null
2020-10-26,1.187100,1.187300,1.181500,1.182600,1.182600,16854
2020-10-27,1.182300,1.185400,1.180400,1.182500,1.182500,15286
2020-10-28,1.180100,1.180100,1.172900,1.176300,1.176300,24047
2020-10-29,1.175700,1.177000,1.166100,1.168200,1.168200,27349
2020-10-30,1.168300,1.171500,1.165100,1.165500,1.165500,23291
2020-11-01,null,null,null,null,null,null
2020-11-02,1.165300,1.166600,1.163200,1.164200,1.164200,14221
2020-11-03,1.165200,1.175000,1.164800,1.171700,1.171700,22367
2020-11-04,1.173600,1.178200,1.161300,1.173500,1.173500,39322
2020-11-05,1.173300,1.186900,1.172000,1.184800,1.184800,35844
2020-11-06,1.183500,1.190100,1.180500,1.189200,1.189200,37501
2020-11-08,null,null,null,null,null,null
2020-11-09,1.189500,1.192900,1.180400,1.184100,1.184100,46356
2020-11-10,1.182700,1.185300,1.178900,1.182200,1.182200,25467
2020-11-11,1.182500,1.184200,1.175400,1.178300,1.178300,28182
2020-11-12,1.178600,1.183100,1.176600,1.181500,1.181500,20761
2020-11-13,1.181500,1.184500,1.180600,1.184100,1.184100,14807
2020-11-15,null,null,null,null,null,null
2020-11-16,1.184400,1.187600,1.182100,1.185000,1.185000,19471
2020-11-17,1.186100,1.190100,1.184900,1.187200,1.187200,18173
2020-11-18,1.186800,1.189700,1.185600,1.187000,1.187000,16579
2020-11-19,1.185600,1.188900,1.182300,1.188200,1.188200,17920
2020-11-20,1.188000,1.189800,1.185500,1.186400,1.186400,16372
2020-11-22,null,null,null,null,null,null
2020-11-23,1.186200,1.191200,1.180500,1.184800,1.184800,26152
2020-11-24,1.184500,1.190200,1.184300,1.188800,1.188800,18304
2020-11-25,1.189800,1.193400,1.188700,1.192200,1.192200,22995
2020-11-27,null,null,null,null,null,null
2020-11-29,null,null,null,null,null,null
2020-11-30,1.196700,1.200700,1.192800,1.195100,1.195100,28606
2020-12-01,1.193300,1.208100,1.193300,1.205100,1.205100,27397
2020-12-02,1.207700,1.212200,1.204300,1.210200,1.210200,29482
2020-12-03,1.211700,1.217700,1.210300,1.214500,1.214500,26907
2020-12-04,1.214600,1.217900,1.211200,1.214000,1.214000,24792
2020-12-06,null,null,null,null,null,null
2020-12-07,1.212700,1.216800,1.208000,1.212100,1.212100,21449
2020-12-08,1.211100,1.213600,1.209700,1.210600,1.210600,17980
2020-12-09,1.210700,1.214900,1.205900,1.207400,1.207400,21489
2020-12-10,1.208000,1.215900,1.207600,1.213400,1.213400,25559
2020-12-11,1.214200,1.216300,1.210600,1.211300,1.211300,25559